team,games_played,off_rating,off_se,def_rating,def_se,net_rating,pf_rating,pa_rating,conf,division,team_color,team_color2,logo,plot_color,def_display,net_se,div2,g,w,l,t,pf,pa,pd,pythag,record,sos_played,sos_left,m0_p,m0_sd,m1_wins,playoff,div1,won_sb,m0_wins,m0_playoff,m0_div1,lg_pf,lg_pa,pf_vs,pa_vs,pd_vs,n_games,pythag_wins,net_rank,off_rank,def_rank,pf_rank,pa_rank,pd_rank,prev_net,net_change
CHI,3,4.520691152563663,2.537629223085134,-0.6577551343700047,1.5251007899024829,5.178446286933668,6.8125,-5.1875,NFC,NFC North,#0B162A,#E64100,https://a.espncdn.com/i/teamlogos/nfl/500/chi.png,#E64100,0.6577551343700047,2.960657780496901,North,3,2,1,0,29.666666666666668,17.666666666666668,12,0.7735517905839565,2-1,-0.00362780697785806,-0.04167384974158601,0.5867121027787195,0.12822135884576794,11.349949999999996,0.8239,0.3948,0.1169,9.998550000000002,0.6335,0.2054,22.854166666666668,22.854166666666668,6.8125,5.1875,12,17,13.15038043992726,1,1,8,5.5,7,4,4.891395870890478,0.2870504160431899
BUF,3,3.771408713352907,1.8576410421796288,-0.01103602089982718,1.5246603048633622,3.7824447342527345,10.812499999999996,3.145833333333332,AFC,AFC East,#00338D,#C60C30,https://a.espncdn.com/i/teamlogos/nfl/500/buf.png,#00338D,0.01103602089982718,2.403210204459081,East,3,3,0,0,33.666666666666664,26,7.666666666666664,0.6484962190563873,3-0,-0.1917356086248392,-0.37482822278695266,0.6576659636365054,0.1228463196868958,11.645850000000005,0.9085,0.8114,0.1291,11.835850000000002,0.8755,0.7359,22.854166666666668,22.854166666666668,10.812499999999996,-3.145833333333332,7.666666666666664,17,11.024435723958584,2,2,15,1,21.5,8,3.975026676964211,-0.19258194271147655
SF,3,2.7000065641960602,1.849158118518992,-0.9088054728376216,1.5271052079565468,3.608812037033682,9.812499999999996,-6.1875,NFC,NFC West,#AA0000,#B3995D,https://a.espncdn.com/i/teamlogos/nfl/500/sf.png,#B3995D,0.9088054728376216,2.398215182891791,West,3,3,0,0,32.666666666666664,16.666666666666668,15.999999999999996,0.8313013533987285,3-0,-2.3731493576347056,0.01051716504100154,0.6510661699555149,0.12774619300473505,11.723549999999998,0.8716,0.6125,0.0924,11.733649999999995,0.8415,0.5848,22.854166666666668,22.854166666666668,9.812499999999996,6.1875,15.999999999999996,17,14.132123007778384,3,5,6,2,4,1,3.178256940812293,0.4305550962213882
JAX,3,1.7665509379068018,1.8463419902689449,-1.832314870646677,1.5376749916729842,3.598865808553479,4.479166666666664,-10.854166666666668,AFC,AFC South,#006778,#000000,https://a.espncdn.com/i/teamlogos/nfl/500/jax.png,#006778,1.832314870646677,2.4027948570460196,South,3,2,1,0,27.333333333333332,12,15.333333333333332,0.8755539771061153,2-1,-1.4019910980794543,-0.41901826691187555,0.6092043665500845,0.1306267457095258,10.8257,0.8412,0.7419,0.1087,10.73135,0.793,0.7087,22.854166666666668,22.854166666666668,4.479166666666664,10.854166666666668,15.333333333333332,17,14.88441761080396,4,7,2,10,1,2,1.8262498903398217,1.7726159182136572
BAL,3,2.7652559491847373,1.874927629540116,-0.15645129710715236,1.5253098858179304,2.9217072462918896,7.8125,3.145833333333332,AFC,AFC North,#241773,#9E7C0C,https://a.espncdn.com/i/teamlogos/nfl/500/bal.png,#9E7C0C,0.15645129710715236,2.417007212191727,North,3,2,1,0,30.666666666666668,26,4.666666666666668,0.5965809297179756,2-1,0.02053623196797634,-0.8254771705030313,0.5147297662030113,0.1357117794025722,10.698899999999998,0.7734,0.4732,0.077,9.374000000000002,0.5204,0.2439,22.854166666666668,22.854166666666668,7.8125,-3.145833333333332,4.666666666666668,17,10.141875805205585,5,4,11,4,21.5,10,2.485321909925255,0.43638533636663457
SEA,3,1.5219555351149086,1.864284028939465,-1.2772774970929195,1.5301078432668542,2.799233032207828,2.145833333333332,-6.1875,NFC,NFC West,#002244,#69be28,https://a.espncdn.com/i/teamlogos/nfl/500/sea.png,#69be28,1.2772774970929195,2.411801184298886,West,3,2,1,0,25,16.666666666666668,8.333333333333332,0.7233124321755028,2-1,-1.799888285951022,0.7790464310948012,0.6195227241631123,0.13376746781476087,10.1519,0.661,0.2861,0.0498,10.298150000000003,0.674,0.3067,22.854166666666668,22.854166666666668,2.145833333333332,6.1875,8.333333333333332,17,12.296311346983549,6,10,3,13.5,4,7,2.8092425056138444,-0.01000947340601632
KC,3,1.6614475145038343,1.8699610752576277,-1.091621888649675,1.526470992762384,2.7530694031535092,6.479166666666664,-6.1875,AFC,AFC West,#E31837,#FFB612,https://a.espncdn.com/i/teamlogos/nfl/500/kc.png,#E31837,1.091621888649675,2.413890659231201,West,3,3,0,0,29.333333333333332,16.666666666666668,12.666666666666664,0.7924560179481834,3-0,-1.993113309585054,0.00306170095639976,0.5598349324839694,0.13506166565371913,11.15375,0.8489,0.5451,0.0947,10.412199999999997,0.7019,0.3611,22.854166666666668,22.854166666666668,6.479166666666664,6.1875,12.666666666666664,17,13.471752305119118,7,9,4,8,4,3,2.817984812650803,-0.06491540949729391
DET,3,2.963896576539114,1.8480091915406904,0.630758509780154,1.5282011850700714,2.33313806675896,8.145833333333332,8.8125,NFC,NFC North,#0076B6,#B0B7BC,https://a.espncdn.com/i/teamlogos/nfl/500/det.png,#0076B6,-0.630758509780154,2.3980276966850167,North,3,2,1,0,31,31.666666666666668,-0.6666666666666679,0.487395812266653,2-1,0.2654762212345605,-0.7682187488887369,0.5437466452131446,0.13229627096641586,10.353400000000004,0.6703,0.2336,0.0378,9.80465,0.5769,0.2182,22.854166666666668,22.854166666666668,8.145833333333332,-8.8125,-0.6666666666666679,17,8.2857288085331,8,3,22,3,32,15,2.2200859773663013,0.11305208939265876
LA,3,1.212404769475873,1.8636800880790816,-0.48961209646077714,1.5252044269639855,1.70201686593665,-2.5208333333333357,-1.854166666666668,NFC,NFC West,#003594,#FFD100,https://a.espncdn.com/i/teamlogos/nfl/500/lar.png,#003594,0.48961209646077714,2.4082259060837696,West,3,1,2,0,20.333333333333332,21,-0.6666666666666679,0.48089474545406,1-2,0.4411858678524137,0.31611521078515253,0.5368356831221496,0.13173281852053717,8.651299999999999,0.3952,0.0897,0.0207,8.364399999999998,0.3732,0.0887,22.854166666666668,22.854166666666668,-2.5208333333333357,1.854166666666668,-0.6666666666666679,17,8.17521067271902,9,11,10,20,13.5,15,2.006134977099772,-0.30411811116312193
CIN,3,1.7362519103040268,1.8529540825101791,0.10278494109543872,1.5280425758298803,1.633466969208588,3.8125,-1.854166666666668,AFC,AFC North,#FB4F14,#000000,https://a.espncdn.com/i/teamlogos/nfl/500/cin.png,#FB4F14,-0.10278494109543872,2.4017395665308836,North,3,2,1,0,26.666666666666668,21,5.666666666666668,0.6378798367730653,2-1,-1.3333784928574404,-0.8849465620341462,0.4973658199625211,0.12834934902301107,10.199999999999998,0.6928,0.3324,0.0509,9.319350000000002,0.4977,0.2026,22.854166666666668,22.854166666666668,3.8125,1.854166666666668,5.666666666666668,17,10.843957225142107,10,8,16,12,13.5,9,1.8523084318584735,-0.21884146264988535
MIN,3,-0.48433211442469726,1.86935189670939,-2.027170089505593,1.5757595537647828,1.5428379750808958,0.8125,-9.187500000000002,NFC,NFC North,#4F2683,#FFC62F,https://a.espncdn.com/i/teamlogos/nfl/500/min.png,#4F2683,2.027170089505593,2.444891548721943,North,3,3,0,0,23.666666666666668,13.666666666666666,10.000000000000002,0.7860680698446348,3-0,0.9039380111926648,0.01880763329649478,0.6165777431300744,0.13399391302543331,11.0203,0.7964,0.3532,0.0477,11.580149999999998,0.838,0.5258,22.854166666666668,22.854166666666668,0.8125,9.187500000000002,10.000000000000002,17,13.363157187358793,11,18,1,16,2,6,1.2504812591123018,0.292356715968594
DAL,3,2.3658429071715896,1.8537022027259944,1.1460202529637578,1.5546036858702534,1.219822654207832,6.479166666666664,4.479166666666664,NFC,NFC East,#002244,#B0B7BC,https://a.espncdn.com/i/teamlogos/nfl/500/dal.png,#B0B7BC,-1.1460202529637578,2.4192983438411604,East,3,1,2,0,29.333333333333332,27.333333333333332,2,0.541743515670779,1-2,-0.25300499466488524,-0.3041542395265986,0.4289970247713152,0.13120934984721622,8.570550000000003,0.4245,0.3103,0.0191,7.277000000000001,0.2352,0.1266,22.854166666666668,22.854166666666668,6.479166666666664,-4.479166666666664,2,17,9.209639766403244,12,6,29,8,25,11.5,0.6693432298155915,0.5504794243922404
DEN,3,-0.5380237358925583,1.8621398898187729,-0.6631702970763693,1.5228441038435303,0.12514656118381107,-2.854166666666668,0.4791666666666643,AFC,AFC West,#002244,#FB4F14,https://a.espncdn.com/i/teamlogos/nfl/500/den.png,#FB4F14,0.6631702970763693,2.4055392605121364,West,3,2,1,0,20,23.333333333333332,-3.333333333333332,0.40966821856046864,2-1,2.6846506925478795,-0.402826840876703,0.6292944146488297,0.12982371948355445,9.211699999999995,0.5352,0.1663,0.0271,10.425100000000004,0.7005,0.3526,22.854166666666668,22.854166666666668,-2.854166666666668,-0.4791666666666643,-3.333333333333332,17,6.964359715527967,13,20,7,21,17,19,-0.5682522672068443,0.6933988283906554
LV,3,0.2857267648668146,1.864038176770348,0.4429091005887037,1.5360974993622207,-0.1571823357218891,6.479166666666664,-4.854166666666668,AFC,AFC West,#000000,#A5ACAF,https://a.espncdn.com/i/teamlogos/nfl/500/lv.png,#A5ACAF,-0.4429091005887037,2.4154158755800603,West,3,3,0,0,29.333333333333332,18,11.333333333333332,0.7608592434375249,3-0,-2.789701606640464,0.17025781039729357,0.5106850636502492,0.1337366468575273,9.82065,0.6398,0.2725,0.0279,9.8188,0.5919,0.2679,22.854166666666668,22.854166666666668,6.479166666666664,4.854166666666668,11.333333333333332,17,12.934607138437922,14,13,19,8,8,5,-1.2110673706195605,1.0538850348976714
IND,3,0.6708384833127762,1.8537456649064097,1.0197735263512249,1.5262980089172675,-0.3489350430384487,1.145833333333332,7.479166666666664,AFC,AFC South,#002C5F,#a5acaf,https://a.espncdn.com/i/teamlogos/nfl/500/ind.png,#a5acaf,-1.0197735263512249,2.401241054576595,South,3,1,2,0,24,30.333333333333332,-6.333333333333332,0.3646962702183207,1-2,1.523568738189112,-0.8890814520632264,0.45025468537525914,0.13099995113838345,8.030600000000005,0.3319,0.1731,0.0137,7.612349999999998,0.2842,0.1713,22.854166666666668,22.854166666666668,1.145833333333332,-7.479166666666664,-6.333333333333332,17,6.199836593711452,15,12,27,15,29.5,27,-0.21639829009976363,-0.13253675293868503
PHI,3,-0.8525230373606629,1.8473049797551455,-0.14575836162913733,1.5243216440942309,-0.7067646757315256,-4.520833333333336,0.14583333333333215,NFC,NFC East,#004C54,#A5ACAF,https://a.espncdn.com/i/teamlogos/nfl/500/phi.png,#004C54,0.14575836162913733,2.395014021437515,East,3,2,1,0,18.333333333333332,23,-4.666666666666668,0.3687803323038089,2-1,0.00694691972179277,0.06713869212769007,0.5608471729820089,0.1401988036253858,8.7804,0.452,0.3443,0.0109,9.9091,0.641,0.5201,22.854166666666668,22.854166666666668,-4.520833333333336,-0.14583333333333215,-4.666666666666668,17,6.269265649164751,16,21,12,23,16,20,1.1488821578060948,-1.8556468335376204
NO,3,-0.02542941007907121,1.84454479442977,0.783849505186383,1.527450546071551,-0.8092789152654541,4.145833333333332,4.8125,NFC,NFC South,#D3BC8D,#000000,https://a.espncdn.com/i/teamlogos/nfl/500/no.png,#D3BC8D,-0.783849505186383,2.3948800949843485,South,3,1,2,0,27,27.666666666666668,-0.6666666666666679,0.48555208722482374,1-2,1.6992209924429869,-1.0145991258618745,0.4251500953155803,0.13072339990991827,8.185600000000003,0.4547,0.4103,0.0108,7.54865,0.3536,0.3037,22.854166666666668,22.854166666666668,4.145833333333332,-4.8125,-0.6666666666666679,17,8.254385482822004,17,16,25,11,26.5,15,-0.5146580295656896,-0.2946208856997645
CAR,3,0.20459811539934272,1.856663336777896,1.051554835682287,1.5279610701356336,-0.8469567202829443,6.8125,4.8125,NFC,NFC South,#0085CA,#000000,https://a.espncdn.com/i/teamlogos/nfl/500-dark/car.png,#0085CA,-1.051554835682287,2.4045506395136,South,3,1,2,0,29.666666666666668,27.666666666666668,2,0.5412599507518322,1-2,-0.4895018200568977,0.02058914467506361,0.4535611763803829,0.13590994063610082,7.6324,0.3579,0.3116,0.0095,7.515949999999997,0.3655,0.314,22.854166666666668,22.854166666666668,6.8125,-4.8125,2,17,9.201419162781148,18,14,28,5.5,26.5,11.5,-0.26901288254228606,-0.5779438377406583
NE,3,-2.0929222740672433,1.8688621739565745,-1.0294921437807123,1.5264763835409685,-1.063430130286531,-10.854166666666668,-5.854166666666668,AFC,AFC East,#002244,#C60C30,https://a.espncdn.com/i/teamlogos/nfl/500/ne.png,#C60C30,1.0294921437807123,2.413042887052364,East,3,1,2,0,12,17,-5,0.30460019353827916,1-2,1.5488221311627195,0.02494957905972856,0.5691869127989997,0.1339197527533204,7.6545999999999985,0.2973,0.1115,0.0095,8.73635,0.4777,0.2078,22.854166666666668,22.854166666666668,-10.854166666666668,5.854166666666668,-5,17,5.178203290150746,19,27,5,31.5,6,21,0.8815570971620883,-1.9449872274486193
HOU,3,-1.6407299201317314,1.8587544313931057,-0.536659485253668,1.5295721944643292,-1.1040704348780634,-4.854166666666668,2.145833333333332,AFC,AFC South,#03202F,#A71930,https://a.espncdn.com/i/teamlogos/nfl/500/hou.png,#A71930,0.536659485253668,2.4071890524638757,South,3,0,3,0,18,25,-7,0.31463147807796055,0-3,1.688992220140958,-0.6655375216309001,0.4483009518480924,0.1338933884727828,6.794850000000002,0.1526,0.0689,0.0047,6.615200000000002,0.1639,0.0933,22.854166666666668,22.854166666666668,-4.854166666666668,-2.145833333333332,-7,17,5.348735127325329,20,23,9,24.5,19,28,-0.26651914238877705,-0.8375512924892864
TB,3,-0.36613532026701945,1.834996293449176,0.7782972761540898,1.5214962753143326,-1.1444325964211093,-2.1875,3.4791666666666643,NFC,NFC South,#A71930,#322F2B,https://a.espncdn.com/i/teamlogos/nfl/500/tb.png,#A71930,-0.7782972761540898,2.3837286575379344,South,3,0,3,0,20.666666666666668,26.333333333333332,-5.666666666666664,0.3602491524173469,0-3,-0.03046159361538647,-0.1138550540620256,0.3772474510194262,0.13503195636469156,6.5144499999999965,0.2008,0.1683,0.0044,5.71165,0.1508,0.1222,22.854166666666668,22.854166666666668,-2.1875,-3.4791666666666643,-5.666666666666664,17,6.124235591094897,21,17,24,19,23,22,-0.6255742847642413,-0.518858311656868
WAS,3,0.04946878328543215,1.839623615012565,1.319790018911725,1.5238579335292346,-1.2703212356262932,2.145833333333332,7.8125,NFC,NFC East,#5A1414,#FFB612,https://a.espncdn.com/i/teamlogos/nfl/500/wsh.png,#FFB612,-1.319790018911725,2.388798452463474,East,3,1,2,0,25,30.666666666666668,-5.666666666666668,0.3812627120433219,1-2,1.1040970035613782,-0.286229259928455,0.42232083478619353,0.13294325547834132,7.541199999999998,0.2369,0.1393,0.0045,7.278,0.2249,0.1101,22.854166666666668,22.854166666666668,2.145833333333332,-7.8125,-5.666666666666668,17,6.481466104736472,22,15,30,13.5,31,24,-2.1023008146476347,0.8319795790213416
GB,3,-0.5060727910471318,1.845288952891068,0.8161268658874316,1.5348002630584312,-1.322199656934563,-4.1875,7.479166666666664,NFC,NFC North,#203731,#FFB612,https://a.espncdn.com/i/teamlogos/nfl/500/gb.png,#203731,-0.8161268658874316,2.4001464886848143,North,3,1,2,0,18.666666666666668,30.333333333333332,-11.666666666666664,0.24036973457774516,1-2,-1.337720400723807,0.8961836209163387,0.4617575218180552,0.13459960938757087,7.04295,0.141,0.0184,0.0028,7.567249999999999,0.2412,0.0506,22.854166666666668,22.854166666666668,-4.1875,-7.479166666666664,-11.666666666666664,17,4.086285487821668,23,19,26,22,29.5,31,-0.17763131931058251,-1.1445683376239808
PIT,3,-1.8539786710400656,1.8448649005121456,-0.10234622376691732,1.5206815267815192,-1.7516324472731482,-5.1875,-2.854166666666668,AFC,AFC North,#000000,#FFB612,https://a.espncdn.com/i/teamlogos/nfl/500/pit.png,#FFB612,0.10234622376691732,2.3908155108741163,North,3,2,1,0,17.666666666666668,20,-2.333333333333332,0.4270237151829563,2-1,-0.9364083943488868,-0.2987291640357979,0.5640664488077078,0.13232396965769483,8.225150000000003,0.343,0.1129,0.0094,9.891499999999995,0.612,0.3402,22.854166666666668,22.854166666666668,-5.1875,2.854166666666668,-2.333333333333332,17,7.259403158110257,24,25,13,26,11,17,-2.104966140413806,0.3533336931406579
LAC,3,-1.5336611307670434,1.851875470487362,0.27061332698837115,1.5314870611563172,-1.8042744577554144,-8.187500000000002,2.4791666666666643,AFC,AFC West,#007BC7,#ffc20e,https://a.espncdn.com/i/teamlogos/nfl/500/lac.png,#007BC7,-0.27061332698837115,2.403101199841988,West,3,0,3,0,14.666666666666666,25.333333333333332,-10.666666666666666,0.21495563331572295,0-3,0.18644963553020127,0.38477121504664097,0.40947039294017235,0.13099660323311416,5.865699999999998,0.0892,0.0161,0.002,5.502400000000001,0.0794,0.0184,22.854166666666668,22.854166666666668,-8.187500000000002,-2.4791666666666643,-10.666666666666666,17,3.65424576636729,25,22,18,29,20,30,-1.6023033124077537,-0.2019711453476607
NYJ,3,-1.9598454489324584,1.877174481244103,0.21689170635114088,1.5285553110946704,-2.176737155283599,-1.5208333333333357,-2.5208333333333357,AFC,AFC East,#003F2D,#000000,https://a.espncdn.com/i/teamlogos/nfl/500/nyj.png,#003F2D,-0.21689170635114088,2.420798498865569,East,3,1,2,0,21.333333333333332,20.333333333333332,1,0.5284148134003153,1-2,-0.9587819607725332,-0.3406166764335675,0.3738175203621318,0.12721733914604869,7.15755,0.2283,0.0718,0.0052,6.0822,0.1252,0.0364,22.854166666666668,22.854166666666668,-1.5208333333333357,2.5208333333333357,1,17,8.98305182780536,26,26,17,17,12,13,-2.5353378166330285,0.3586006613494295
NYG,3,-2.480353073752176,1.8478652003629603,-0.06995207909192444,1.54445836276206,-2.4104009946602516,-7.520833333333334,-4.520833333333336,NFC,NFC East,#0B2265,#A71930,https://a.espncdn.com/i/teamlogos/nfl/500/nyg.png,#A71930,0.06995207909192444,2.408310078253651,East,3,2,1,0,15.333333333333334,18.333333333333332,-2.9999999999999982,0.39567964511865894,2-1,-0.3218149239991715,0.07212944041344942,0.4550640196762259,0.13122648223400882,7.922199999999997,0.2952,0.2061,0.0041,8.404000000000002,0.3868,0.2432,22.854166666666668,22.854166666666668,-7.520833333333334,4.520833333333336,-2.9999999999999982,17,6.726553967017202,27,28,14,28,9,18,-2.1156159572689113,-0.2947850373913403
ARI,3,-1.7206064698037429,1.9080936390201333,1.345307022136499,1.536047170346838,-3.065913491940242,-1.854166666666668,4.145833333333332,NFC,NFC West,#97233F,#000000,https://a.espncdn.com/i/teamlogos/nfl/500/ari.png,#97233F,-1.345307022136499,2.4495432726938344,West,3,1,2,0,21,27,-6,0.35534750755172845,1-2,1.5345902038286985,0.6223264410092791,0.3924465599876381,0.13548570747441327,6.3173499999999985,0.0806,0.0117,0.0012,6.5435000000000025,0.1324,0.0198,22.854166666666668,22.854166666666668,-1.854166666666668,-4.145833333333332,-6,17,6.040907628379384,28,24,31,18,24,26,-3.368868508301432,0.30295501636119004
CLE,3,-2.8212872473193693,1.858795671372012,0.44640247781627407,1.525688252795072,-3.2676897251356434,-4.854166666666668,0.8125,AFC,AFC North,#FF3C00,#311D00,https://a.espncdn.com/i/teamlogos/nfl/500/cle.png,#FF3C00,-0.44640247781627407,2.404754871629998,North,3,2,1,0,18,23.666666666666668,-5.666666666666668,0.343291765552373,2-1,0.5358254972831418,-0.6190048326074115,0.4808187772818438,0.13034626307524108,7.783200000000002,0.2597,0.0815,0.0047,9.149199999999995,0.4735,0.2133,22.854166666666668,22.854166666666668,-4.854166666666668,-0.8125,-5.666666666666668,17,5.835960014390341,29,30,20,24.5,18,24,-3.248690118754039,-0.01899960638160447
ATL,3,-2.7547537270290894,1.8974660958130911,0.6245082949396283,1.5225866101121177,-3.3792620219687177,-5.854166666666668,-0.1875,NFC,NFC South,#A71930,#000000,https://a.espncdn.com/i/teamlogos/nfl/500/atl.png,#A71930,-0.6245082949396283,2.432827073602414,South,3,1,2,0,17,22.666666666666668,-5.666666666666668,0.3358582272367796,1-2,-1.306929608163552,0.7627919485745133,0.44376711601620134,0.13212274157132473,6.179899999999997,0.138,0.1098,0.0014,7.462499999999999,0.3315,0.2601,22.854166666666668,22.854166666666668,-5.854166666666668,0.1875,-5.666666666666668,17,5.709589863025253,30,29,21,27,15,24,-4.969741559046085,1.5904795370773672
TEN,3,-3.1957221816480192,1.85622867819575,0.6915621104939773,1.526037019845372,-3.887284292141997,-10.520833333333334,-3.1875,AFC,AFC South,#4495D2,#D50A0A,https://a.espncdn.com/i/teamlogos/nfl/500/ten.png,#4495D2,-0.6915621104939773,2.4029926948900378,South,3,0,3,0,12.333333333333334,19.666666666666668,-7.333333333333334,0.2486382329829688,0-3,-1.7646342752251254,0.42521641814173067,0.3098350345057191,0.1217503987556536,4.891349999999998,0.042,0.0161,9e-4,4.488849999999999,0.046,0.0267,22.854166666666668,22.854166666666668,-10.520833333333334,3.1875,-7.333333333333334,17,4.22684996071047,31,31,23,30,10,29,-3.146676877884998,-0.7406074142569987
MIA,3,-4.219947700690811,1.8793649929146796,1.5356037462097134,1.5366174199446456,-5.755551446900524,-10.854166666666668,5.8125,AFC,AFC East,#008E97,#F58220,https://a.espncdn.com/i/teamlogos/nfl/500/mia.png,#008E97,-1.5356037462097134,2.4275926082995336,East,3,0,3,0,12,28.666666666666668,-16.666666666666668,0.11265905850344066,0-3,2.068233034821767,0.601584399914479,0.367532951686627,0.1312199075228077,4.103050000000002,0.0162,0.0053,5e-4,5.00815,0.0572,0.0199,22.854166666666668,22.854166666666668,-10.854166666666668,-5.8125,-16.666666666666668,17,1.915203994558491,32,32,32,31.5,28,32,-5.42107086251502,-0.33448058438550454
