game_id,season,week,team_home,game_played,result,spread_line,total_line,div_game,off_rating_home,def_rating_home,net_rating_home,off_se_home,def_se_home,games_played_home,team_away,off_rating_away,def_rating_away,net_rating_away,off_se_away,def_se_away,games_played_away,strength_diff,spread_pred,gameday,gametime,home_moneyline,away_moneyline,home_spread_odds,away_spread_odds,p_home,p_cover_home,p_push,model_p_home,model_p_away,p_cover_away,mkt_p_home,mkt_hold_ml,mkt_p_cover_home,mkt_hold_spread,ev_ml_home,ev_ml_away,ev_sp_home,ev_sp_away,units_ml_home,units_ml_away,units_sp_home,units_sp_away,edge_points,edge_prob
2026_03_ATL_GB,2026,3,GB,FALSE,NA,6,43.5,0,0.13284785270515417,0.3104791720157368,-0.17763131931058268,2.0080326019601613,1.6427596098955464,2,ATL,-3.700494511480192,1.2692470475658943,-4.969741559046087,2.1733540087909877,1.644550548450597,2,4.7921102397355035,7.83746087321494,2026-09-24,20:15:00,-290,235,-112,-108,0.7190975738533477,0.8485899562655795,0.02112278552903951,0.7190975738533477,0.2809024261466523,0.130287258205381,0.7135512302607419,0.04209720627631075,0.5043297540699688,0.0475326560232221,-0.03293774550756684,-0.05897687240871485,0.6273823456031722,-0.7279536060754118,0,0,2,0,1.8374608732149396,0.00554634359260586
2026_03_CAR_CLE,2026,3,CLE,FALSE,NA,-2.5,42.5,0,-2.7869439108798533,0.4617462078741871,-3.24869011875404,2.002833925729309,1.6336580725031746,2,CAR,0.7305185441295731,0.9995314266718576,-0.2690128825422846,2.0116451547085656,1.6433352606245275,2,-2.9796772362117556,-1.3597759492668229,2026-09-27,13:00:00,124,-148,100,-120,0.4632656211216177,0.4153214597054403,0,0.4632656211216177,0.5367343788783823,0.5846785402945597,0.42794036443953615,0.04320276497695863,0.4782608695652174,0.04545454545454541,0.03771499131242373,-0.10060725701460271,-0.16935708058911936,0.07191065720669282,0.7603828893633815,0,0,2,1.1402240507331771,0.03532525668208153
2026_03_CIN_PIT,2026,3,PIT,FALSE,NA,-3.5,42.5,1,-2.3956499924273613,-0.29068385201355473,-2.1049661404138065,2.0093748452058096,1.6457844504864854,2,CIN,1.4065734060247848,-0.4457350258336873,1.852308431858472,2.012181647918584,1.6413290358199797,2,-3.9572745722722784,-2.4006747571067972,2026-09-27,13:00:00,154,-185,-105,-115,0.42638117273701903,0.2985210643932483,0,0.42638117273701903,0.573618827262981,0.7014789356067517,0.3775334481388264,0.04282359441911865,0.4891657638136511,0.04707884288145214,0.08300817875202837,-0.11631694178405633,-0.41717315999413423,0.3114606187430574,1.3475353693511098,0,0,2,1.0993252428932028,0.04884772459819264
2026_03_HOU_IND,2026,3,IND,FALSE,NA,-2.5,43.5,1,0.8267247751148279,1.0431230652145915,-0.21639829009976363,2.023960207710311,1.647925652489762,2,HOU,-0.7531853744998239,-0.4866662321110475,-0.26651914238877644,1.9960283846943432,1.6424197275503956,2,0.05012085228901264,1.8642809893905288,2026-09-27,13:00:00,120,-142,-105,-115,0.5524739613350543,0.5040884757689947,0,0.5524739613350543,0.44752603866494567,0.4959115242310052,0.43650793650793646,0.04132231404958686,0.4891657638136511,0.04707884288145214,0.21544271493711964,-0.2373147791766419,-0.01582726159386743,-0.07286106339420767,2,0,0,0,4.3642809893905286,0.11596602482711788
2026_03_KC_MIA,2026,3,MIA,FALSE,NA,-11.5,46.5,0,-3.840445054330865,1.5806258081841555,-5.421070862515021,2.0480019262239018,1.6477203122235593,2,KC,1.929287836004261,-0.8886969766465417,2.8179848126508027,2.0228991725228123,1.6356075744049836,2,-8.239055675165822,-8.235232699254265,2026-09-27,13:00:00,575,-850,-112,-108,0.26922238615749733,0.05928643967338543,0,0.26922238615749733,0.7307776138425026,0.9407135603266146,0.14205607476635515,0.04288499025341119,0.5043297540699688,0.0475326560232221,0.817251106563107,-0.18324854923485,-0.8877792391896633,0.8117446347031096,2,0,0,2,3.264767300745735,0.12716631139114218
2026_03_LAC_BUF,2026,3,BUF,FALSE,NA,7,50.5,0,4.022374799689506,0.04734812272529473,3.975026676964211,2.036355689426883,1.6421114603516904,2,LAC,-1.198342478478314,0.40396083392944104,-1.6023033124077548,2.016340781531607,1.66107253313643,2,5.577329989371966,8.97616106285259,2026-09-27,13:00:00,-340,270,-112,-108,0.7497005997172899,0.8884677772804425,0.02571389041359487,0.7497005997172899,0.25029940028271014,0.08581833230596275,0.740871613663133,0.0429975429975431,0.5043297540699688,0.0475326560232221,-0.02979922389527189,-0.07389221895397247,0.7074564688372894,-0.8090063584786251,0,0,2,0,1.97616106285259,0.00882898605415682
2026_03_NE_JAX,2026,3,JAX,FALSE,NA,3,45.5,0,0.7792013369377341,-1.0470485534020868,1.8262498903398208,1.9979920801925144,1.647266595761417,2,NE,-0.5814837022733268,-1.4630407994354138,0.881557097162087,2.00195249206776,1.650345519671447,2,0.9446927931777338,3.554944661613018,2026-09-27,13:00:00,-166,140,-108,-112,0.6035911466090081,0.6483623302862532,0.06946253157670595,0.6035911466090081,0.39640885339099186,0.28217513813704076,0.5996387718242023,0.0407268170426065,0.4956702459300312,0.0475326560232221,-0.03279972892773397,-0.04861875186161957,0.3181603528687493,-0.39642024266389553,0,0,2,0,0.554944661613018,0.0039523747848058096
2026_03_NYJ_DET,2026,3,DET,FALSE,NA,6.5,48.5,0,2.5858713709180283,0.36578539355172607,2.220085977366302,1.9974571699610948,1.6471602949877435,2,NYJ,-2.1931769741894502,0.3421608424435769,-2.535337816633027,2.011965843792629,1.6412519196278954,2,4.755423793999329,7.789996810692661,2026-09-27,13:00:00,-305,245,-110,-110,0.7190975738533477,0.869712741794619,0,0.7190975738533477,0.2809024261466523,0.130287258205381,0.7220792588780237,0.0429414922168545,0.5,0.04761904761904767,-0.04513272980129243,-0.03088662979404954,0.6603606888806364,-0.7512697797897272,0,0,2,0,1.289996810692661,-0.00298168502467599
2026_03_SEA_WAS,2026,3,WAS,FALSE,NA,-7,40.5,0,-0.9254867790723116,1.1768140355753234,-2.102300814647635,1.979006967537411,1.634709573002523,2,SEA,1.103873390673597,-1.705369114940247,2.809242505613844,2.0203760097159535,1.6517486195407458,2,-4.911543320261479,-4.202777787741998,2026-09-27,13:00:00,245,-305,-112,-108,0.3758744364005415,0.15565515716084277,0.03557824685725319,0.3758744364005415,0.6241255635994585,0.808766595981904,0.27792074112197634,0.0429414922168545,0.5043297540699688,0.0475326560232221,0.2967668055818683,-0.17124310407285026,-0.6697887770882944,0.5932028020816611,2,0,0,2,2.797222212258002,0.09795369527856518
2026_03_TEN_NYG,2026,3,NYG,FALSE,NA,3.5,40.5,0,-1.5452435800244355,0.5703723772444762,-2.1156159572689117,1.988931059400803,1.6677661354480111,2,TEN,-2.032164435707839,1.1145124421771586,-3.146676877884998,1.993323646909058,1.6347447768592174,2,1.0310609206160863,3.2864608026015034,2026-09-27,13:00:00,-175,145,-105,-115,0.5963754587658316,0.7114804365321628,0,0.5963754587658316,0.4036245412341683,0.2885195634678372,0.6092362344582594,0.0445269016697587,0.4891657638136511,0.04707884288145214,-0.06283856479655031,-0.01111987397628744,0.38908085227707967,-0.4605938596036087,0,0,2,0,-0.21353919739849656,-0.01286077569242771
2026_03_ARI_SF,2026,3,SF,FALSE,NA,8.5,47.5,1,1.8939696310601255,-1.2842873097521683,3.178256940812294,1.987763680885529,1.6420562531460152,2,ARI,-2.3810659906695935,0.9878025176318384,-3.368868508301432,2.0390651967052547,1.6506009734226217,2,6.547125449113726,10.569556977319625,2026-09-27,16:05:00,-485,370,-105,-115,0.7839519968392585,0.938611115093222,0,0.7839519968392585,0.21604800316074144,0.06138888490677795,0.7957758771164253,0.0418257865066376,0.4891657638136511,0.04707884288145214,-0.05440841618357481,0.01542561485548488,0.8325264628010525,-0.8852294760438499,0,0,2,0,2.0695569773196247,-0.01182388027716674
2026_03_MIN_TB,2026,3,TB,FALSE,NA,-1.5,42.5,0,-0.06686627357097374,0.5587080111932676,-0.6255742847642414,1.9854136244519855,1.6426159561380227,2,MIN,-0.5038400910615047,-1.7543213501738075,1.250481259112303,2.02695487206265,2.0916072333746105,2,-1.8760555438765445,-0.4322975645386328,2026-09-27,16:05:00,100,-120,-110,-110,0.4855698637636739,0.460598697153023,0,0.4855698637636739,0.514430136236326,0.5394013028469771,0.4782608695652174,0.04545454545454541,0.5,0.04761904761904767,-0.0288602724726521,-0.05687808356673551,-0.12067521452604713,0.02976612361695629,0,0,0,0.8185683994662981,1.0677024354613671,0.00730899419845654
2026_03_BAL_DAL,2026,3,DAL,FALSE,NA,-3,52.5,0,1.7973519948469747,1.128008765031384,0.6693432298155908,2.0026730037896363,1.6677266414413554,2,BAL,2.1343462489874434,-0.35097566093781185,2.485321909925255,2.036357022546426,1.6357231863195425,2,-1.8159786801096645,-0.20228706975434288,2026-09-27,16:25:00,130,-155,-112,-108,0.4930181250798179,0.3592124437484683,0.0854460325773837,0.4930181250798179,0.506981874920182,0.555341523674148,0.4170073589533933,0.04262574595055413,0.5043297540699688,0.0475326560232221,0.13394168768358128,-0.16593304448615226,-0.23461612747015853,0.15499267076463186,2,0,0,2,2.797712930245657,0.07601076612642466
2026_03_LV_NO,2026,3,NO,FALSE,NA,3,43.5,0,-0.29024060260430096,0.22441742696138867,-0.5146580295656896,1.987869159224231,1.649224613034175,2,LV,-0.9244494419409768,0.28661792867857916,-1.211067370619556,2.0037368363072807,1.648640808152957,2,0.6964093410538664,2.990094012138166,2026-09-27,16:25:00,-175,145,-120,100,0.5891268167524479,0.6344071037449478,0.07066247722251734,0.5891268167524479,0.41087318324755207,0.2949304190325349,0.6092362344582594,0.0445269016697587,0.5217391304347826,0.04545454545454541,-0.07422928796043898,0.00663929895650261,0.23374216742158843,-0.33947668471241277,0,0,2,0,-0.00990598786183394,-0.02010941770581142
2026_03_LA_DEN,2026,3,DEN,FALSE,NA,-2.5,45.5,0,-1.2349092709828098,-0.6666570037759663,-0.5682522672068435,2.0134366248143976,1.634610142185721,2,LA,1.018969716892297,-0.9871652602074776,2.006134977099775,2.012702153417216,1.6376921081438078,2,-2.5743872443066187,-0.6804460012844712,2026-09-27,20:20:00,114,-135,-110,-110,0.4781266334930185,0.42994161263210207,0,0.4781266334930185,0.5218733665069815,0.5700583873678979,0.448558885283451,0.04175780473255131,0.5,0.04761904761904767,0.02319099567505944,-0.09155376941377302,-0.17920237588416876,0.08829328497507793,0.5085744665583213,0,0,2,1.819553998715529,0.02956774820956748
2026_03_PHI_CHI,2026,3,CHI,FALSE,NA,-3,44.5,0,5.059726546002201,0.16833067511172178,4.891395870890479,3.339213336979785,1.643502940217423,2,PHI,0.5304404562474605,-0.6184417015586338,1.1488821578060944,1.9914702649174227,1.6462656956787465,2,3.742513713084385,6.726845199828814,2026-09-28,20:15:00,150,-180,-102,-118,0.6933802453979339,0.5645025584896957,0.08493077593723336,0.6933802453979339,0.30661975460206614,0.350566665573071,0.3835616438356164,0.04285714285714293,0.4826358742837298,0.04623489871922981,0.7334506134948346,-0.5230359372856749,0.20286721529917967,-0.2674121639362457,2,0,2,0,9.726845199828814,0.30981860156231744
