conf,division,team,wins,playoff,div1,seed1,won_conf,won_sb,draft1,draft5
AFC,AFC East,BUF,11.254650000000002,0.8141,0.5752,0.2533,0.1947,0.1157,3e-4,0.01
AFC,AFC East,MIA,5.878200000000006,0.1398,0.0441,0.0058,0.0103,0.0053,0.0948,0.3821
AFC,AFC East,NE,9.5888,0.624,0.3086,0.1064,0.1143,0.0651,0.0038,0.0473
AFC,AFC East,NYJ,6.942150000000002,0.2392,0.0721,0.0158,0.0162,0.007,0.0463,0.2685
AFC,AFC North,BAL,8.5251,0.4425,0.1799,0.0445,0.0471,0.0244,0.0144,0.1244
AFC,AFC North,CIN,10.33865,0.6748,0.3957,0.1414,0.1047,0.0532,0.0023,0.0351
AFC,AFC North,CLE,8.4078,0.4014,0.172,0.0372,0.0424,0.0188,0.0206,0.1357
AFC,AFC North,PIT,9.001750000000005,0.501,0.2524,0.0585,0.068,0.039,0.0085,0.0887
AFC,AFC South,HOU,7.867800000000002,0.3727,0.258,0.0157,0.0425,0.0217,0.0363,0.1821
AFC,AFC South,IND,6.750449999999999,0.2217,0.1457,0.005,0.0167,0.0081,0.0684,0.308
AFC,AFC South,JAX,9.580249999999996,0.6417,0.5225,0.0824,0.1018,0.0547,0.0061,0.0596
AFC,AFC South,TEN,5.459349999999999,0.1194,0.0738,0.0026,0.0073,0.0021,0.1735,0.5157
AFC,AFC West,DEN,9.4412,0.5942,0.3404,0.0858,0.1027,0.0602,0.0045,0.0527
AFC,AFC West,KC,9.534100000000002,0.6131,0.3586,0.0874,0.074,0.0371,0.003,0.0506
AFC,AFC West,LAC,5.80655,0.128,0.0477,0.0048,0.012,0.0059,0.1007,0.4162
AFC,AFC West,LV,8.68025,0.4724,0.2533,0.0534,0.0453,0.0208,0.0058,0.0948
NFC,NFC East,DAL,8.191099999999997,0.3377,0.1766,0.0207,0.03,0.0124,0.0198,0.1393
NFC,NFC East,NYG,8.083399999999997,0.3376,0.1778,0.0176,0.0245,0.0085,0.02,0.1448
NFC,NFC East,PHI,10.8368,0.7332,0.6065,0.1537,0.1363,0.0656,0.0019,0.0216
NFC,NFC East,WAS,5.904900000000001,0.1057,0.0391,0.003,0.0062,0.0026,0.1062,0.3994
NFC,NFC North,CHI,8.792600000000002,0.4188,0.1545,0.0347,0.0494,0.0211,0.0067,0.0732
NFC,NFC North,DET,9.153799999999997,0.4844,0.2167,0.0454,0.0556,0.0235,0.0081,0.0805
NFC,NFC North,GB,8.694800000000008,0.3997,0.1539,0.0279,0.0399,0.0174,0.0103,0.0959
NFC,NFC North,MIN,10.9076,0.7401,0.4749,0.1497,0.1343,0.0623,9e-4,0.0181
NFC,NFC South,ATL,6.410000000000003,0.1822,0.1218,0.0029,0.0129,0.0064,0.0812,0.3379
NFC,NFC South,CAR,8.281649999999999,0.4363,0.3539,0.0284,0.0398,0.0171,0.0123,0.1212
NFC,NFC South,NO,8.630649999999997,0.4666,0.3823,0.0257,0.0428,0.016,0.0141,0.1171
NFC,NFC South,TB,6.435600000000003,0.2008,0.142,0.0064,0.0134,0.0049,0.0877,0.354
NFC,NFC West,ARI,6.9204500000000015,0.1676,0.0315,0.0091,0.0117,0.005,0.0343,0.2362
NFC,NFC West,LA,8.8853,0.4354,0.1095,0.0389,0.0532,0.0231,0.0064,0.0692
NFC,NFC West,SEA,11.679600000000004,0.8055,0.4849,0.2518,0.2054,0.1041,3e-4,0.0088
NFC,NFC West,SF,11.1347,0.7484,0.3741,0.1841,0.1446,0.0709,5e-4,0.0113
