team,games_played,off_rating,off_se,def_rating,def_se,net_rating,pf_rating,pa_rating
CHI,2,5.0597265460022,3.339213336979785,0.16833067511172217,1.643502940217423,4.891395870890478,8.53125,0.53125
BUF,2,4.022374799689507,2.036355689426883,0.04734812272529547,1.6421114603516904,3.975026676964211,16.03125,8.53125
SF,2,1.8939696310601255,1.987763680885529,-1.2842873097521676,1.6420562531460152,3.178256940812293,8.53125,-12.46875
KC,2,1.929287836004261,2.0228991725228123,-0.8886969766465422,1.6356075744049836,2.817984812650803,9.53125,-2.46875
SEA,2,1.1038733906735978,2.0203760097159535,-1.7053691149402463,1.6517486195407458,2.8092425056138444,-0.46875,-13.96875
BAL,2,2.1343462489874434,2.036357022546426,-0.3509756609378116,1.6357231863195425,2.485321909925255,6.53125,1.03125
DET,2,2.585871370918027,1.9974571699610948,0.3657853935517256,1.6471602949877435,2.2200859773663013,8.53125,13.03125
LA,2,1.0189697168922942,2.012702153417216,-0.9871652602074776,1.6376921081438078,2.006134977099772,-4.96875,-5.96875
CIN,2,1.406573406024786,2.012181647918584,-0.4457350258336876,1.6413290358199797,1.8523084318584735,4.03125,-5.96875
JAX,2,0.7792013369377334,1.9979920801925144,-1.047048553402088,1.647266595761417,1.8262498903398217,1.03125,-7.46875
MIN,2,-0.5038400910615044,2.02695487206265,-1.7543213501738062,2.0916072333746105,1.2504812591123018,1.53125,-9.96875
PHI,2,0.5304404562474605,1.9914702649174227,-0.6184417015586344,1.6462656956787465,1.1488821578060948,1.53125,-1.46875
NE,2,-0.581483702273325,2.00195249206776,-1.463040799435413,1.650345519671447,0.8815570971620883,-7.46875,-14.46875
DAL,2,1.7973519948469756,2.0026730037896363,1.128008765031384,1.6677266414413554,0.6693432298155915,6.03125,1.53125
GB,2,0.13284785270515392,2.0080326019601613,0.31047917201573644,1.6427596098955464,-0.17763131931058251,-1.46875,5.53125
IND,2,0.8267247751148279,2.023960207710311,1.0431230652145915,1.647925652489762,-0.21639829009976363,4.03125,14.53125
HOU,2,-0.7531853744998249,1.9960283846943432,-0.4866662321110478,1.6424197275503956,-0.26651914238877705,-3.96875,5.53125
CAR,2,0.7305185441295718,2.0116451547085656,0.999531426671858,1.6433352606245275,-0.26901288254228606,13.03125,8.53125
NO,2,-0.29024060260430085,1.987869159224231,0.2244174269613888,1.6492246130341748,-0.5146580295656896,4.53125,1.53125
DEN,2,-1.2349092709828104,2.0134366248143976,-0.6666570037759662,1.634610142185721,-0.5682522672068443,-7.46875,-0.46875
TB,2,-0.06686627357097392,1.9854136244519855,0.5587080111932673,1.6426159561380227,-0.6255742847642413,0.53125,5.53125
LV,2,-0.9244494419409798,2.0037368363072807,0.2866179286785806,1.648640808152957,-1.2110673706195605,4.03125,-8.96875
LAC,2,-1.1983424784783132,2.016340781531607,0.4039608339294405,1.66107253313643,-1.6023033124077537,-8.46875,3.53125
WAS,2,-0.9254867790723118,1.979006967537411,1.176814035575323,1.634709573002523,-2.1023008146476347,-1.46875,8.03125
PIT,2,-2.395649992427361,2.0093748452058096,-0.2906838520135549,1.6457844504864854,-2.104966140413806,-10.96875,-5.96875
NYG,2,-1.5452435800244353,1.988931059400803,0.5703723772444761,1.6677661354480111,-2.1156159572689113,-5.46875,1.53125
NYJ,2,-2.193176974189451,2.011965843792629,0.3421608424435772,1.6412519196278954,-2.5353378166330285,-2.46875,-7.46875
TEN,2,-2.032164435707839,1.993323646909058,1.1145124421771584,1.6347447768592174,-3.146676877884998,-7.46875,1.03125
CLE,2,-2.786943910879852,2.002833925729309,0.4617462078741869,1.6336580725031746,-3.248690118754039,-5.96875,4.03125
ARI,2,-2.381065990669593,2.0390651967052547,0.9878025176318392,1.6506009734226217,-3.368868508301432,-5.96875,0.03125
ATL,2,-3.700494511480191,2.1733540087909877,1.269247047565894,1.644550548450597,-4.969741559046085,-14.46875,4.53125
MIA,2,-3.840445054330864,2.0480019262239018,1.580625808184155,1.6477203122235593,-5.42107086251502,-9.46875,8.53125
