team,model,wins,n,p
ARI,LOWFI/0,1,53,0.0053
ARI,LOWFI/0,1.5,1,1e-4
ARI,LOWFI/0,2,252,0.0252
ARI,LOWFI/0,2.5,10,0.001
ARI,LOWFI/0,3,556,0.0556
ARI,LOWFI/0,3.5,19,0.0019
ARI,LOWFI/0,4,872,0.0872
ARI,LOWFI/0,4.5,35,0.0035
ARI,LOWFI/0,5,1233,0.1233
ARI,LOWFI/0,5.5,41,0.0041
ARI,LOWFI/0,6,1436,0.1436
ARI,LOWFI/0,6.5,40,0.004
ARI,LOWFI/0,7,1452,0.1452
ARI,LOWFI/0,7.5,58,0.0058
ARI,LOWFI/0,8,1280,0.128
ARI,LOWFI/0,8.5,49,0.0049
ARI,LOWFI/0,9,999,0.0999
ARI,LOWFI/0,9.5,24,0.0024
ARI,LOWFI/0,10,697,0.0697
ARI,LOWFI/0,10.5,23,0.0023
ARI,LOWFI/0,11,416,0.0416
ARI,LOWFI/0,11.5,5,5e-4
ARI,LOWFI/0,12,250,0.025
ARI,LOWFI/0,12.5,5,5e-4
ARI,LOWFI/0,13,136,0.0136
ARI,LOWFI/0,13.5,1,1e-4
ARI,LOWFI/0,14,44,0.0044
ARI,LOWFI/0,15,13,0.0013
ARI,LOWFI/1,1,46,0.0046
ARI,LOWFI/1,1.5,2,2e-4
ARI,LOWFI/1,2,194,0.0194
ARI,LOWFI/1,2.5,10,0.001
ARI,LOWFI/1,3,599,0.0599
ARI,LOWFI/1,3.5,20,0.002
ARI,LOWFI/1,4,1083,0.1083
ARI,LOWFI/1,4.5,49,0.0049
ARI,LOWFI/1,5,1471,0.1471
ARI,LOWFI/1,5.5,60,0.006
ARI,LOWFI/1,6,1685,0.1685
ARI,LOWFI/1,6.5,55,0.0055
ARI,LOWFI/1,7,1507,0.1507
ARI,LOWFI/1,7.5,70,0.007
ARI,LOWFI/1,8,1280,0.128
ARI,LOWFI/1,8.5,43,0.0043
ARI,LOWFI/1,9,843,0.0843
ARI,LOWFI/1,9.5,22,0.0022
ARI,LOWFI/1,10,544,0.0544
ARI,LOWFI/1,10.5,20,0.002
ARI,LOWFI/1,11,250,0.025
ARI,LOWFI/1,11.5,9,9e-4
ARI,LOWFI/1,12,98,0.0098
ARI,LOWFI/1,13,31,0.0031
ARI,LOWFI/1,14,7,7e-4
ARI,LOWFI/1,15,2,2e-4
ATL,LOWFI/0,0,46,0.0046
ATL,LOWFI/0,1,168,0.0168
ATL,LOWFI/0,1.5,9,9e-4
ATL,LOWFI/0,2,456,0.0456
ATL,LOWFI/0,2.5,14,0.0014
ATL,LOWFI/0,3,681,0.0681
ATL,LOWFI/0,3.5,23,0.0023
ATL,LOWFI/0,4,1038,0.1038
ATL,LOWFI/0,4.5,40,0.004
ATL,LOWFI/0,5,1243,0.1243
ATL,LOWFI/0,5.5,50,0.005
ATL,LOWFI/0,6,1467,0.1467
ATL,LOWFI/0,6.5,57,0.0057
ATL,LOWFI/0,7,1289,0.1289
ATL,LOWFI/0,7.5,58,0.0058
ATL,LOWFI/0,8,1143,0.1143
ATL,LOWFI/0,8.5,42,0.0042
ATL,LOWFI/0,9,895,0.0895
ATL,LOWFI/0,9.5,21,0.0021
ATL,LOWFI/0,10,604,0.0604
ATL,LOWFI/0,10.5,14,0.0014
ATL,LOWFI/0,11,359,0.0359
ATL,LOWFI/0,11.5,8,8e-4
ATL,LOWFI/0,12,190,0.019
ATL,LOWFI/0,12.5,2,2e-4
ATL,LOWFI/0,13,58,0.0058
ATL,LOWFI/0,13.5,2,2e-4
ATL,LOWFI/0,14,19,0.0019
ATL,LOWFI/0,15,4,4e-4
ATL,LOWFI/1,0,97,0.0097
ATL,LOWFI/1,0.5,4,4e-4
ATL,LOWFI/1,1,459,0.0459
ATL,LOWFI/1,1.5,15,0.0015
ATL,LOWFI/1,2,941,0.0941
ATL,LOWFI/1,2.5,34,0.0034
ATL,LOWFI/1,3,1438,0.1438
ATL,LOWFI/1,3.5,47,0.0047
ATL,LOWFI/1,4,1665,0.1665
ATL,LOWFI/1,4.5,70,0.007
ATL,LOWFI/1,5,1647,0.1647
ATL,LOWFI/1,5.5,63,0.0063
ATL,LOWFI/1,6,1394,0.1394
ATL,LOWFI/1,6.5,41,0.0041
ATL,LOWFI/1,7,972,0.0972
ATL,LOWFI/1,7.5,34,0.0034
ATL,LOWFI/1,8,560,0.056
ATL,LOWFI/1,8.5,15,0.0015
ATL,LOWFI/1,9,283,0.0283
ATL,LOWFI/1,9.5,8,8e-4
ATL,LOWFI/1,10,132,0.0132
ATL,LOWFI/1,10.5,4,4e-4
ATL,LOWFI/1,11,54,0.0054
ATL,LOWFI/1,12,19,0.0019
ATL,LOWFI/1,13,4,4e-4
BAL,LOWFI/0,1,6,6e-4
BAL,LOWFI/0,1.5,1,1e-4
BAL,LOWFI/0,2,54,0.0054
BAL,LOWFI/0,2.5,2,2e-4
BAL,LOWFI/0,3,159,0.0159
BAL,LOWFI/0,3.5,7,7e-4
BAL,LOWFI/0,4,386,0.0386
BAL,LOWFI/0,4.5,17,0.0017
BAL,LOWFI/0,5,662,0.0662
BAL,LOWFI/0,5.5,27,0.0027
BAL,LOWFI/0,6,959,0.0959
BAL,LOWFI/0,6.5,46,0.0046
BAL,LOWFI/0,7,1181,0.1181
BAL,LOWFI/0,7.5,50,0.005
BAL,LOWFI/0,8,1326,0.1326
BAL,LOWFI/0,8.5,59,0.0059
BAL,LOWFI/0,9,1396,0.1396
BAL,LOWFI/0,9.5,44,0.0044
BAL,LOWFI/0,10,1250,0.125
BAL,LOWFI/0,10.5,42,0.0042
BAL,LOWFI/0,11,1008,0.1008
BAL,LOWFI/0,11.5,29,0.0029
BAL,LOWFI/0,12,667,0.0667
BAL,LOWFI/0,12.5,19,0.0019
BAL,LOWFI/0,13,363,0.0363
BAL,LOWFI/0,13.5,2,2e-4
BAL,LOWFI/0,14,166,0.0166
BAL,LOWFI/0,14.5,2,2e-4
BAL,LOWFI/0,15,59,0.0059
BAL,LOWFI/0,15.5,1,1e-4
BAL,LOWFI/0,16,10,0.001
BAL,LOWFI/1,2,3,3e-4
BAL,LOWFI/1,3,16,0.0016
BAL,LOWFI/1,3.5,3,3e-4
BAL,LOWFI/1,4,57,0.0057
BAL,LOWFI/1,4.5,3,3e-4
BAL,LOWFI/1,5,162,0.0162
BAL,LOWFI/1,5.5,8,8e-4
BAL,LOWFI/1,6,348,0.0348
BAL,LOWFI/1,6.5,30,0.003
BAL,LOWFI/1,7,738,0.0738
BAL,LOWFI/1,7.5,34,0.0034
BAL,LOWFI/1,8,1082,0.1082
BAL,LOWFI/1,8.5,42,0.0042
BAL,LOWFI/1,9,1446,0.1446
BAL,LOWFI/1,9.5,54,0.0054
BAL,LOWFI/1,10,1577,0.1577
BAL,LOWFI/1,10.5,63,0.0063
BAL,LOWFI/1,11,1613,0.1613
BAL,LOWFI/1,11.5,59,0.0059
BAL,LOWFI/1,12,1247,0.1247
BAL,LOWFI/1,12.5,30,0.003
BAL,LOWFI/1,13,818,0.0818
BAL,LOWFI/1,13.5,16,0.0016
BAL,LOWFI/1,14,396,0.0396
BAL,LOWFI/1,14.5,12,0.0012
BAL,LOWFI/1,15,127,0.0127
BAL,LOWFI/1,16,16,0.0016
BUF,LOWFI/0,3,6,6e-4
BUF,LOWFI/0,4,27,0.0027
BUF,LOWFI/0,4.5,2,2e-4
BUF,LOWFI/0,5,82,0.0082
BUF,LOWFI/0,5.5,3,3e-4
BUF,LOWFI/0,6,220,0.022
BUF,LOWFI/0,6.5,11,0.0011
BUF,LOWFI/0,7,443,0.0443
BUF,LOWFI/0,7.5,16,0.0016
BUF,LOWFI/0,8,630,0.063
BUF,LOWFI/0,8.5,24,0.0024
BUF,LOWFI/0,9,1014,0.1014
BUF,LOWFI/0,9.5,46,0.0046
BUF,LOWFI/0,10,1181,0.1181
BUF,LOWFI/0,10.5,49,0.0049
BUF,LOWFI/0,11,1432,0.1432
BUF,LOWFI/0,11.5,47,0.0047
BUF,LOWFI/0,12,1409,0.1409
BUF,LOWFI/0,12.5,46,0.0046
BUF,LOWFI/0,13,1330,0.133
BUF,LOWFI/0,13.5,38,0.0038
BUF,LOWFI/0,14,940,0.094
BUF,LOWFI/0,14.5,26,0.0026
BUF,LOWFI/0,15,593,0.0593
BUF,LOWFI/0,15.5,7,7e-4
BUF,LOWFI/0,16,303,0.0303
BUF,LOWFI/0,16.5,2,2e-4
BUF,LOWFI/0,17,73,0.0073
BUF,LOWFI/1,3,1,1e-4
BUF,LOWFI/1,4,12,0.0012
BUF,LOWFI/1,4.5,1,1e-4
BUF,LOWFI/1,5,39,0.0039
BUF,LOWFI/1,5.5,2,2e-4
BUF,LOWFI/1,6,129,0.0129
BUF,LOWFI/1,6.5,3,3e-4
BUF,LOWFI/1,7,266,0.0266
BUF,LOWFI/1,7.5,14,0.0014
BUF,LOWFI/1,8,532,0.0532
BUF,LOWFI/1,8.5,26,0.0026
BUF,LOWFI/1,9,925,0.0925
BUF,LOWFI/1,9.5,36,0.0036
BUF,LOWFI/1,10,1363,0.1363
BUF,LOWFI/1,10.5,61,0.0061
BUF,LOWFI/1,11,1630,0.163
BUF,LOWFI/1,11.5,51,0.0051
BUF,LOWFI/1,12,1649,0.1649
BUF,LOWFI/1,12.5,63,0.0063
BUF,LOWFI/1,13,1465,0.1465
BUF,LOWFI/1,13.5,25,0.0025
BUF,LOWFI/1,14,978,0.0978
BUF,LOWFI/1,14.5,21,0.0021
BUF,LOWFI/1,15,484,0.0484
BUF,LOWFI/1,15.5,9,9e-4
BUF,LOWFI/1,16,178,0.0178
BUF,LOWFI/1,16.5,3,3e-4
BUF,LOWFI/1,17,34,0.0034
CAR,LOWFI/0,1,13,0.0013
CAR,LOWFI/0,1.5,1,1e-4
CAR,LOWFI/0,2,85,0.0085
CAR,LOWFI/0,2.5,2,2e-4
CAR,LOWFI/0,3,224,0.0224
CAR,LOWFI/0,3.5,16,0.0016
CAR,LOWFI/0,4,433,0.0433
CAR,LOWFI/0,4.5,22,0.0022
CAR,LOWFI/0,5,728,0.0728
CAR,LOWFI/0,5.5,33,0.0033
CAR,LOWFI/0,6,1017,0.1017
CAR,LOWFI/0,6.5,44,0.0044
CAR,LOWFI/0,7,1219,0.1219
CAR,LOWFI/0,7.5,57,0.0057
CAR,LOWFI/0,8,1367,0.1367
CAR,LOWFI/0,8.5,63,0.0063
CAR,LOWFI/0,9,1399,0.1399
CAR,LOWFI/0,9.5,42,0.0042
CAR,LOWFI/0,10,1169,0.1169
CAR,LOWFI/0,10.5,44,0.0044
CAR,LOWFI/0,11,848,0.0848
CAR,LOWFI/0,11.5,19,0.0019
CAR,LOWFI/0,12,577,0.0577
CAR,LOWFI/0,12.5,9,9e-4
CAR,LOWFI/0,13,336,0.0336
CAR,LOWFI/0,13.5,6,6e-4
CAR,LOWFI/0,14,162,0.0162
CAR,LOWFI/0,14.5,2,2e-4
CAR,LOWFI/0,15,52,0.0052
CAR,LOWFI/0,15.5,1,1e-4
CAR,LOWFI/0,16,10,0.001
CAR,LOWFI/1,1,5,5e-4
CAR,LOWFI/1,1.5,1,1e-4
CAR,LOWFI/1,2,23,0.0023
CAR,LOWFI/1,2.5,1,1e-4
CAR,LOWFI/1,3,106,0.0106
CAR,LOWFI/1,3.5,8,8e-4
CAR,LOWFI/1,4,296,0.0296
CAR,LOWFI/1,4.5,21,0.0021
CAR,LOWFI/1,5,630,0.063
CAR,LOWFI/1,5.5,42,0.0042
CAR,LOWFI/1,6,997,0.0997
CAR,LOWFI/1,6.5,51,0.0051
CAR,LOWFI/1,7,1384,0.1384
CAR,LOWFI/1,7.5,61,0.0061
CAR,LOWFI/1,8,1593,0.1593
CAR,LOWFI/1,8.5,57,0.0057
CAR,LOWFI/1,9,1485,0.1485
CAR,LOWFI/1,9.5,47,0.0047
CAR,LOWFI/1,10,1309,0.1309
CAR,LOWFI/1,10.5,37,0.0037
CAR,LOWFI/1,11,901,0.0901
CAR,LOWFI/1,11.5,31,0.0031
CAR,LOWFI/1,12,521,0.0521
CAR,LOWFI/1,12.5,10,0.001
CAR,LOWFI/1,13,274,0.0274
CAR,LOWFI/1,13.5,4,4e-4
CAR,LOWFI/1,14,83,0.0083
CAR,LOWFI/1,14.5,2,2e-4
CAR,LOWFI/1,15,17,0.0017
CAR,LOWFI/1,16,3,3e-4
CHI,LOWFI/0,1,11,0.0011
CHI,LOWFI/0,1.5,1,1e-4
CHI,LOWFI/0,2,34,0.0034
CHI,LOWFI/0,2.5,2,2e-4
CHI,LOWFI/0,3,122,0.0122
CHI,LOWFI/0,3.5,6,6e-4
CHI,LOWFI/0,4,297,0.0297
CHI,LOWFI/0,4.5,14,0.0014
CHI,LOWFI/0,5,552,0.0552
CHI,LOWFI/0,5.5,24,0.0024
CHI,LOWFI/0,6,904,0.0904
CHI,LOWFI/0,6.5,31,0.0031
CHI,LOWFI/0,7,1142,0.1142
CHI,LOWFI/0,7.5,45,0.0045
CHI,LOWFI/0,8,1421,0.1421
CHI,LOWFI/0,8.5,63,0.0063
CHI,LOWFI/0,9,1343,0.1343
CHI,LOWFI/0,9.5,40,0.004
CHI,LOWFI/0,10,1252,0.1252
CHI,LOWFI/0,10.5,39,0.0039
CHI,LOWFI/0,11,1062,0.1062
CHI,LOWFI/0,11.5,30,0.003
CHI,LOWFI/0,12,748,0.0748
CHI,LOWFI/0,12.5,17,0.0017
CHI,LOWFI/0,13,468,0.0468
CHI,LOWFI/0,13.5,7,7e-4
CHI,LOWFI/0,14,231,0.0231
CHI,LOWFI/0,14.5,2,2e-4
CHI,LOWFI/0,15,75,0.0075
CHI,LOWFI/0,15.5,1,1e-4
CHI,LOWFI/0,16,16,0.0016
CHI,LOWFI/1,2,1,1e-4
CHI,LOWFI/1,3,12,0.0012
CHI,LOWFI/1,3.5,1,1e-4
CHI,LOWFI/1,4,60,0.006
CHI,LOWFI/1,4.5,5,5e-4
CHI,LOWFI/1,5,129,0.0129
CHI,LOWFI/1,5.5,9,9e-4
CHI,LOWFI/1,6,273,0.0273
CHI,LOWFI/1,6.5,13,0.0013
CHI,LOWFI/1,7,565,0.0565
CHI,LOWFI/1,7.5,21,0.0021
CHI,LOWFI/1,8,766,0.0766
CHI,LOWFI/1,8.5,37,0.0037
CHI,LOWFI/1,9,1046,0.1046
CHI,LOWFI/1,9.5,43,0.0043
CHI,LOWFI/1,10,1334,0.1334
CHI,LOWFI/1,10.5,63,0.0063
CHI,LOWFI/1,11,1537,0.1537
CHI,LOWFI/1,11.5,46,0.0046
CHI,LOWFI/1,12,1522,0.1522
CHI,LOWFI/1,12.5,40,0.004
CHI,LOWFI/1,13,1156,0.1156
CHI,LOWFI/1,13.5,24,0.0024
CHI,LOWFI/1,14,765,0.0765
CHI,LOWFI/1,14.5,12,0.0012
CHI,LOWFI/1,15,407,0.0407
CHI,LOWFI/1,15.5,1,1e-4
CHI,LOWFI/1,16,112,0.0112
CIN,LOWFI/0,2,2,2e-4
CIN,LOWFI/0,3,18,0.0018
CIN,LOWFI/0,4,68,0.0068
CIN,LOWFI/0,4.5,10,0.001
CIN,LOWFI/0,5,196,0.0196
CIN,LOWFI/0,5.5,11,0.0011
CIN,LOWFI/0,6,428,0.0428
CIN,LOWFI/0,6.5,21,0.0021
CIN,LOWFI/0,7,723,0.0723
CIN,LOWFI/0,7.5,21,0.0021
CIN,LOWFI/0,8,960,0.096
CIN,LOWFI/0,8.5,50,0.005
CIN,LOWFI/0,9,1226,0.1226
CIN,LOWFI/0,9.5,55,0.0055
CIN,LOWFI/0,10,1383,0.1383
CIN,LOWFI/0,10.5,61,0.0061
CIN,LOWFI/0,11,1339,0.1339
CIN,LOWFI/0,11.5,51,0.0051
CIN,LOWFI/0,12,1200,0.12
CIN,LOWFI/0,12.5,37,0.0037
CIN,LOWFI/0,13,939,0.0939
CIN,LOWFI/0,13.5,20,0.002
CIN,LOWFI/0,14,665,0.0665
CIN,LOWFI/0,14.5,9,9e-4
CIN,LOWFI/0,15,323,0.0323
CIN,LOWFI/0,15.5,5,5e-4
CIN,LOWFI/0,16,145,0.0145
CIN,LOWFI/0,17,34,0.0034
CIN,LOWFI/1,3,5,5e-4
CIN,LOWFI/1,4,13,0.0013
CIN,LOWFI/1,5,71,0.0071
CIN,LOWFI/1,5.5,5,5e-4
CIN,LOWFI/1,6,177,0.0177
CIN,LOWFI/1,6.5,12,0.0012
CIN,LOWFI/1,7,425,0.0425
CIN,LOWFI/1,7.5,18,0.0018
CIN,LOWFI/1,8,666,0.0666
CIN,LOWFI/1,8.5,38,0.0038
CIN,LOWFI/1,9,1060,0.106
CIN,LOWFI/1,9.5,57,0.0057
CIN,LOWFI/1,10,1434,0.1434
CIN,LOWFI/1,10.5,60,0.006
CIN,LOWFI/1,11,1643,0.1643
CIN,LOWFI/1,11.5,63,0.0063
CIN,LOWFI/1,12,1618,0.1618
CIN,LOWFI/1,12.5,44,0.0044
CIN,LOWFI/1,13,1157,0.1157
CIN,LOWFI/1,13.5,44,0.0044
CIN,LOWFI/1,14,820,0.082
CIN,LOWFI/1,14.5,18,0.0018
CIN,LOWFI/1,15,378,0.0378
CIN,LOWFI/1,15.5,10,0.001
CIN,LOWFI/1,16,139,0.0139
CIN,LOWFI/1,17,25,0.0025
CLE,LOWFI/0,1,25,0.0025
CLE,LOWFI/0,2,72,0.0072
CLE,LOWFI/0,2.5,4,4e-4
CLE,LOWFI/0,3,212,0.0212
CLE,LOWFI/0,3.5,6,6e-4
CLE,LOWFI/0,4,405,0.0405
CLE,LOWFI/0,4.5,18,0.0018
CLE,LOWFI/0,5,667,0.0667
CLE,LOWFI/0,5.5,27,0.0027
CLE,LOWFI/0,6,1015,0.1015
CLE,LOWFI/0,6.5,40,0.004
CLE,LOWFI/0,7,1213,0.1213
CLE,LOWFI/0,7.5,28,0.0028
CLE,LOWFI/0,8,1355,0.1355
CLE,LOWFI/0,8.5,60,0.006
CLE,LOWFI/0,9,1369,0.1369
CLE,LOWFI/0,9.5,56,0.0056
CLE,LOWFI/0,10,1136,0.1136
CLE,LOWFI/0,10.5,30,0.003
CLE,LOWFI/0,11,960,0.096
CLE,LOWFI/0,11.5,42,0.0042
CLE,LOWFI/0,12,633,0.0633
CLE,LOWFI/0,12.5,19,0.0019
CLE,LOWFI/0,13,333,0.0333
CLE,LOWFI/0,13.5,6,6e-4
CLE,LOWFI/0,14,201,0.0201
CLE,LOWFI/0,14.5,2,2e-4
CLE,LOWFI/0,15,57,0.0057
CLE,LOWFI/0,16,9,9e-4
CLE,LOWFI/1,1,15,0.0015
CLE,LOWFI/1,1.5,2,2e-4
CLE,LOWFI/1,2,100,0.01
CLE,LOWFI/1,2.5,2,2e-4
CLE,LOWFI/1,3,316,0.0316
CLE,LOWFI/1,3.5,10,0.001
CLE,LOWFI/1,4,651,0.0651
CLE,LOWFI/1,4.5,32,0.0032
CLE,LOWFI/1,5,1044,0.1044
CLE,LOWFI/1,5.5,50,0.005
CLE,LOWFI/1,6,1455,0.1455
CLE,LOWFI/1,6.5,61,0.0061
CLE,LOWFI/1,7,1624,0.1624
CLE,LOWFI/1,7.5,74,0.0074
CLE,LOWFI/1,8,1483,0.1483
CLE,LOWFI/1,8.5,57,0.0057
CLE,LOWFI/1,9,1254,0.1254
CLE,LOWFI/1,9.5,51,0.0051
CLE,LOWFI/1,10,838,0.0838
CLE,LOWFI/1,10.5,25,0.0025
CLE,LOWFI/1,11,504,0.0504
CLE,LOWFI/1,11.5,8,8e-4
CLE,LOWFI/1,12,224,0.0224
CLE,LOWFI/1,12.5,5,5e-4
CLE,LOWFI/1,13,83,0.0083
CLE,LOWFI/1,14,27,0.0027
CLE,LOWFI/1,15,3,3e-4
CLE,LOWFI/1,16,2,2e-4
DAL,LOWFI/0,1,22,0.0022
DAL,LOWFI/0,1.5,1,1e-4
DAL,LOWFI/0,2,76,0.0076
DAL,LOWFI/0,2.5,1,1e-4
DAL,LOWFI/0,3,221,0.0221
DAL,LOWFI/0,3.5,8,8e-4
DAL,LOWFI/0,4,416,0.0416
DAL,LOWFI/0,4.5,24,0.0024
DAL,LOWFI/0,5,762,0.0762
DAL,LOWFI/0,5.5,27,0.0027
DAL,LOWFI/0,6,1089,0.1089
DAL,LOWFI/0,6.5,47,0.0047
DAL,LOWFI/0,7,1332,0.1332
DAL,LOWFI/0,7.5,64,0.0064
DAL,LOWFI/0,8,1362,0.1362
DAL,LOWFI/0,8.5,51,0.0051
DAL,LOWFI/0,9,1328,0.1328
DAL,LOWFI/0,9.5,34,0.0034
DAL,LOWFI/0,10,1166,0.1166
DAL,LOWFI/0,10.5,27,0.0027
DAL,LOWFI/0,11,908,0.0908
DAL,LOWFI/0,11.5,28,0.0028
DAL,LOWFI/0,12,527,0.0527
DAL,LOWFI/0,12.5,13,0.0013
DAL,LOWFI/0,13,263,0.0263
DAL,LOWFI/0,13.5,6,6e-4
DAL,LOWFI/0,14,142,0.0142
DAL,LOWFI/0,15,44,0.0044
DAL,LOWFI/0,15.5,1,1e-4
DAL,LOWFI/0,16,10,0.001
DAL,LOWFI/1,1,1,1e-4
DAL,LOWFI/1,1.5,1,1e-4
DAL,LOWFI/1,2,25,0.0025
DAL,LOWFI/1,3,94,0.0094
DAL,LOWFI/1,3.5,1,1e-4
DAL,LOWFI/1,4,234,0.0234
DAL,LOWFI/1,4.5,11,0.0011
DAL,LOWFI/1,5,509,0.0509
DAL,LOWFI/1,5.5,25,0.0025
DAL,LOWFI/1,6,855,0.0855
DAL,LOWFI/1,6.5,38,0.0038
DAL,LOWFI/1,7,1269,0.1269
DAL,LOWFI/1,7.5,67,0.0067
DAL,LOWFI/1,8,1543,0.1543
DAL,LOWFI/1,8.5,56,0.0056
DAL,LOWFI/1,9,1585,0.1585
DAL,LOWFI/1,9.5,62,0.0062
DAL,LOWFI/1,10,1399,0.1399
DAL,LOWFI/1,10.5,53,0.0053
DAL,LOWFI/1,11,1047,0.1047
DAL,LOWFI/1,11.5,33,0.0033
DAL,LOWFI/1,12,649,0.0649
DAL,LOWFI/1,12.5,13,0.0013
DAL,LOWFI/1,13,286,0.0286
DAL,LOWFI/1,13.5,6,6e-4
DAL,LOWFI/1,14,98,0.0098
DAL,LOWFI/1,14.5,2,2e-4
DAL,LOWFI/1,15,33,0.0033
DAL,LOWFI/1,15.5,1,1e-4
DAL,LOWFI/1,16,4,4e-4
DEN,LOWFI/0,1,5,5e-4
DEN,LOWFI/0,2,15,0.0015
DEN,LOWFI/0,3,81,0.0081
DEN,LOWFI/0,3.5,6,6e-4
DEN,LOWFI/0,4,184,0.0184
DEN,LOWFI/0,4.5,8,8e-4
DEN,LOWFI/0,5,383,0.0383
DEN,LOWFI/0,5.5,15,0.0015
DEN,LOWFI/0,6,671,0.0671
DEN,LOWFI/0,6.5,26,0.0026
DEN,LOWFI/0,7,961,0.0961
DEN,LOWFI/0,7.5,32,0.0032
DEN,LOWFI/0,8,1187,0.1187
DEN,LOWFI/0,8.5,37,0.0037
DEN,LOWFI/0,9,1348,0.1348
DEN,LOWFI/0,9.5,58,0.0058
DEN,LOWFI/0,10,1397,0.1397
DEN,LOWFI/0,10.5,47,0.0047
DEN,LOWFI/0,11,1258,0.1258
DEN,LOWFI/0,11.5,44,0.0044
DEN,LOWFI/0,12,983,0.0983
DEN,LOWFI/0,12.5,22,0.0022
DEN,LOWFI/0,13,653,0.0653
DEN,LOWFI/0,13.5,20,0.002
DEN,LOWFI/0,14,377,0.0377
DEN,LOWFI/0,14.5,1,1e-4
DEN,LOWFI/0,15,136,0.0136
DEN,LOWFI/0,15.5,4,4e-4
DEN,LOWFI/0,16,41,0.0041
DEN,LOWFI/1,1,4,4e-4
DEN,LOWFI/1,2,28,0.0028
DEN,LOWFI/1,2.5,1,1e-4
DEN,LOWFI/1,3,121,0.0121
DEN,LOWFI/1,3.5,2,2e-4
DEN,LOWFI/1,4,335,0.0335
DEN,LOWFI/1,4.5,21,0.0021
DEN,LOWFI/1,5,644,0.0644
DEN,LOWFI/1,5.5,22,0.0022
DEN,LOWFI/1,6,1025,0.1025
DEN,LOWFI/1,6.5,58,0.0058
DEN,LOWFI/1,7,1380,0.138
DEN,LOWFI/1,7.5,51,0.0051
DEN,LOWFI/1,8,1605,0.1605
DEN,LOWFI/1,8.5,43,0.0043
DEN,LOWFI/1,9,1472,0.1472
DEN,LOWFI/1,9.5,48,0.0048
DEN,LOWFI/1,10,1249,0.1249
DEN,LOWFI/1,10.5,32,0.0032
DEN,LOWFI/1,11,927,0.0927
DEN,LOWFI/1,11.5,27,0.0027
DEN,LOWFI/1,12,539,0.053900000000000003
DEN,LOWFI/1,12.5,16,0.0016
DEN,LOWFI/1,13,230,0.023
DEN,LOWFI/1,13.5,3,3e-4
DEN,LOWFI/1,14,90,0.009
DEN,LOWFI/1,14.5,1,1e-4
DEN,LOWFI/1,15,20,0.002
DEN,LOWFI/1,15.5,1,1e-4
DEN,LOWFI/1,16,5,5e-4
DET,LOWFI/0,1,6,6e-4
DET,LOWFI/0,2,27,0.0027
DET,LOWFI/0,3,93,0.0093
DET,LOWFI/0,3.5,5,5e-4
DET,LOWFI/0,4,258,0.0258
DET,LOWFI/0,4.5,14,0.0014
DET,LOWFI/0,5,463,0.0463
DET,LOWFI/0,5.5,18,0.0018
DET,LOWFI/0,6,724,0.0724
DET,LOWFI/0,6.5,38,0.0038
DET,LOWFI/0,7,994,0.0994
DET,LOWFI/0,7.5,40,0.004
DET,LOWFI/0,8,1272,0.1272
DET,LOWFI/0,8.5,52,0.0052
DET,LOWFI/0,9,1393,0.1393
DET,LOWFI/0,9.5,53,0.0053
DET,LOWFI/0,10,1399,0.1399
DET,LOWFI/0,10.5,37,0.0037
DET,LOWFI/0,11,1173,0.1173
DET,LOWFI/0,11.5,35,0.0035
DET,LOWFI/0,12,884,0.0884
DET,LOWFI/0,12.5,21,0.0021
DET,LOWFI/0,13,559,0.0559
DET,LOWFI/0,13.5,10,0.001
DET,LOWFI/0,14,298,0.0298
DET,LOWFI/0,14.5,4,4e-4
DET,LOWFI/0,15,101,0.0101
DET,LOWFI/0,15.5,1,1e-4
DET,LOWFI/0,16,28,0.0028
DET,LOWFI/1,1,1,1e-4
DET,LOWFI/1,2,4,4e-4
DET,LOWFI/1,2.5,1,1e-4
DET,LOWFI/1,3,14,0.0014
DET,LOWFI/1,4,63,0.0063
DET,LOWFI/1,4.5,3,3e-4
DET,LOWFI/1,5,185,0.0185
DET,LOWFI/1,5.5,7,7e-4
DET,LOWFI/1,6,394,0.0394
DET,LOWFI/1,6.5,21,0.0021
DET,LOWFI/1,7,730,0.073
DET,LOWFI/1,7.5,32,0.0032
DET,LOWFI/1,8,1149,0.1149
DET,LOWFI/1,8.5,43,0.0043
DET,LOWFI/1,9,1463,0.1463
DET,LOWFI/1,9.5,52,0.0052
DET,LOWFI/1,10,1647,0.1647
DET,LOWFI/1,10.5,58,0.0058
DET,LOWFI/1,11,1572,0.1572
DET,LOWFI/1,11.5,49,0.0049
DET,LOWFI/1,12,1203,0.1203
DET,LOWFI/1,12.5,45,0.0045
DET,LOWFI/1,13,710,0.071
DET,LOWFI/1,13.5,14,0.0014
DET,LOWFI/1,14,396,0.0396
DET,LOWFI/1,14.5,5,5e-4
DET,LOWFI/1,15,118,0.0118
DET,LOWFI/1,16,21,0.0021
GB,LOWFI/0,1,13,0.0013
GB,LOWFI/0,1.5,1,1e-4
GB,LOWFI/0,2,46,0.0046
GB,LOWFI/0,2.5,3,3e-4
GB,LOWFI/0,3,152,0.0152
GB,LOWFI/0,3.5,3,3e-4
GB,LOWFI/0,4,351,0.0351
GB,LOWFI/0,4.5,14,0.0014
GB,LOWFI/0,5,619,0.0619
GB,LOWFI/0,5.5,29,0.0029
GB,LOWFI/0,6,882,0.0882
GB,LOWFI/0,6.5,37,0.0037
GB,LOWFI/0,7,1123,0.1123
GB,LOWFI/0,7.5,55,0.0055
GB,LOWFI/0,8,1347,0.1347
GB,LOWFI/0,8.5,47,0.0047
GB,LOWFI/0,9,1387,0.1387
GB,LOWFI/0,9.5,49,0.0049
GB,LOWFI/0,10,1268,0.1268
GB,LOWFI/0,10.5,39,0.0039
GB,LOWFI/0,11,984,0.0984
GB,LOWFI/0,11.5,30,0.003
GB,LOWFI/0,12,744,0.0744
GB,LOWFI/0,12.5,24,0.0024
GB,LOWFI/0,13,426,0.0426
GB,LOWFI/0,13.5,9,9e-4
GB,LOWFI/0,14,212,0.0212
GB,LOWFI/0,14.5,6,6e-4
GB,LOWFI/0,15,85,0.0085
GB,LOWFI/0,16,15,0.0015
GB,LOWFI/1,1,4,4e-4
GB,LOWFI/1,2,33,0.0033
GB,LOWFI/1,2.5,3,3e-4
GB,LOWFI/1,3,132,0.0132
GB,LOWFI/1,3.5,6,6e-4
GB,LOWFI/1,4,339,0.0339
GB,LOWFI/1,4.5,13,0.0013
GB,LOWFI/1,5,644,0.0644
GB,LOWFI/1,5.5,47,0.0047
GB,LOWFI/1,6,1067,0.1067
GB,LOWFI/1,6.5,48,0.0048
GB,LOWFI/1,7,1505,0.1505
GB,LOWFI/1,7.5,73,0.0073
GB,LOWFI/1,8,1595,0.1595
GB,LOWFI/1,8.5,67,0.0067
GB,LOWFI/1,9,1544,0.1544
GB,LOWFI/1,9.5,64,0.0064
GB,LOWFI/1,10,1217,0.1217
GB,LOWFI/1,10.5,41,0.0041
GB,LOWFI/1,11,806,0.0806
GB,LOWFI/1,11.5,28,0.0028
GB,LOWFI/1,12,436,0.0436
GB,LOWFI/1,12.5,8,8e-4
GB,LOWFI/1,13,195,0.0195
GB,LOWFI/1,13.5,4,4e-4
GB,LOWFI/1,14,64,0.0064
GB,LOWFI/1,14.5,2,2e-4
GB,LOWFI/1,15,13,0.0013
GB,LOWFI/1,16,2,2e-4
HOU,LOWFI/0,0,13,0.0013
HOU,LOWFI/0,0.5,1,1e-4
HOU,LOWFI/0,1,54,0.0054
HOU,LOWFI/0,1.5,2,2e-4
HOU,LOWFI/0,2,140,0.014
HOU,LOWFI/0,2.5,3,3e-4
HOU,LOWFI/0,3,297,0.0297
HOU,LOWFI/0,3.5,11,0.0011
HOU,LOWFI/0,4,494,0.0494
HOU,LOWFI/0,4.5,17,0.0017
HOU,LOWFI/0,5,825,0.0825
HOU,LOWFI/0,5.5,46,0.0046
HOU,LOWFI/0,6,1112,0.1112
HOU,LOWFI/0,6.5,39,0.0039
HOU,LOWFI/0,7,1389,0.1389
HOU,LOWFI/0,7.5,55,0.0055
HOU,LOWFI/0,8,1307,0.1307
HOU,LOWFI/0,8.5,56,0.0056
HOU,LOWFI/0,9,1325,0.1325
HOU,LOWFI/0,9.5,34,0.0034
HOU,LOWFI/0,10,1106,0.1106
HOU,LOWFI/0,10.5,44,0.0044
HOU,LOWFI/0,11,799,0.0799
HOU,LOWFI/0,11.5,19,0.0019
HOU,LOWFI/0,12,467,0.0467
HOU,LOWFI/0,12.5,9,9e-4
HOU,LOWFI/0,13,231,0.0231
HOU,LOWFI/0,13.5,4,4e-4
HOU,LOWFI/0,14,86,0.0086
HOU,LOWFI/0,15,15,0.0015
HOU,LOWFI/1,0,3,3e-4
HOU,LOWFI/1,1,20,0.002
HOU,LOWFI/1,2,92,0.0092
HOU,LOWFI/1,2.5,5,5e-4
HOU,LOWFI/1,3,251,0.0251
HOU,LOWFI/1,3.5,14,0.0014
HOU,LOWFI/1,4,549,0.0549
HOU,LOWFI/1,4.5,32,0.0032
HOU,LOWFI/1,5,926,0.0926
HOU,LOWFI/1,5.5,36,0.0036
HOU,LOWFI/1,6,1325,0.1325
HOU,LOWFI/1,6.5,58,0.0058
HOU,LOWFI/1,7,1521,0.1521
HOU,LOWFI/1,7.5,67,0.0067
HOU,LOWFI/1,8,1582,0.1582
HOU,LOWFI/1,8.5,52,0.0052
HOU,LOWFI/1,9,1298,0.1298
HOU,LOWFI/1,9.5,55,0.0055
HOU,LOWFI/1,10,1036,0.1036
HOU,LOWFI/1,10.5,30,0.003
HOU,LOWFI/1,11,593,0.0593
HOU,LOWFI/1,11.5,10,0.001
HOU,LOWFI/1,12,298,0.0298
HOU,LOWFI/1,12.5,4,4e-4
HOU,LOWFI/1,13,110,0.011
HOU,LOWFI/1,13.5,2,2e-4
HOU,LOWFI/1,14,26,0.0026
HOU,LOWFI/1,15,5,5e-4
IND,LOWFI/0,0,28,0.0028
IND,LOWFI/0,0.5,2,2e-4
IND,LOWFI/0,1,118,0.0118
IND,LOWFI/0,1.5,1,1e-4
IND,LOWFI/0,2,304,0.0304
IND,LOWFI/0,2.5,7,7e-4
IND,LOWFI/0,3,573,0.0573
IND,LOWFI/0,3.5,24,0.0024
IND,LOWFI/0,4,914,0.0914
IND,LOWFI/0,4.5,36,0.0036
IND,LOWFI/0,5,1163,0.1163
IND,LOWFI/0,5.5,39,0.0039
IND,LOWFI/0,6,1414,0.1414
IND,LOWFI/0,6.5,55,0.0055
IND,LOWFI/0,7,1469,0.1469
IND,LOWFI/0,7.5,56,0.0056
IND,LOWFI/0,8,1290,0.129
IND,LOWFI/0,8.5,50,0.005
IND,LOWFI/0,9,947,0.0947
IND,LOWFI/0,9.5,34,0.0034
IND,LOWFI/0,10,701,0.0701
IND,LOWFI/0,10.5,11,0.0011
IND,LOWFI/0,11,450,0.045
IND,LOWFI/0,11.5,9,9e-4
IND,LOWFI/0,12,196,0.0196
IND,LOWFI/0,12.5,1,1e-4
IND,LOWFI/0,13,85,0.0085
IND,LOWFI/0,13.5,2,2e-4
IND,LOWFI/0,14,18,0.0018
IND,LOWFI/0,15,3,3e-4
IND,LOWFI/1,0,4,4e-4
IND,LOWFI/1,1,23,0.0023
IND,LOWFI/1,1.5,1,1e-4
IND,LOWFI/1,2,78,0.0078
IND,LOWFI/1,2.5,4,4e-4
IND,LOWFI/1,3,253,0.0253
IND,LOWFI/1,3.5,18,0.0018
IND,LOWFI/1,4,512,0.0512
IND,LOWFI/1,4.5,20,0.002
IND,LOWFI/1,5,875,0.0875
IND,LOWFI/1,5.5,37,0.0037
IND,LOWFI/1,6,1263,0.1263
IND,LOWFI/1,6.5,51,0.0051
IND,LOWFI/1,7,1578,0.1578
IND,LOWFI/1,7.5,55,0.0055
IND,LOWFI/1,8,1576,0.1576
IND,LOWFI/1,8.5,66,0.0066
IND,LOWFI/1,9,1350,0.135
IND,LOWFI/1,9.5,42,0.0042
IND,LOWFI/1,10,1017,0.1017
IND,LOWFI/1,10.5,36,0.0036
IND,LOWFI/1,11,641,0.0641
IND,LOWFI/1,11.5,9,9e-4
IND,LOWFI/1,12,327,0.0327
IND,LOWFI/1,12.5,6,6e-4
IND,LOWFI/1,13,125,0.0125
IND,LOWFI/1,13.5,3,3e-4
IND,LOWFI/1,14,27,0.0027
IND,LOWFI/1,15,3,3e-4
JAX,LOWFI/0,1,6,6e-4
JAX,LOWFI/0,2,17,0.0017
JAX,LOWFI/0,2.5,1,1e-4
JAX,LOWFI/0,3,62,0.0062
JAX,LOWFI/0,3.5,7,7e-4
JAX,LOWFI/0,4,153,0.0153
JAX,LOWFI/0,4.5,12,0.0012
JAX,LOWFI/0,5,349,0.0349
JAX,LOWFI/0,5.5,20,0.002
JAX,LOWFI/0,6,582,0.0582
JAX,LOWFI/0,6.5,23,0.0023
JAX,LOWFI/0,7,889,0.0889
JAX,LOWFI/0,7.5,41,0.0041
JAX,LOWFI/0,8,1179,0.1179
JAX,LOWFI/0,8.5,61,0.0061
JAX,LOWFI/0,9,1411,0.1411
JAX,LOWFI/0,9.5,62,0.0062
JAX,LOWFI/0,10,1364,0.1364
JAX,LOWFI/0,10.5,39,0.0039
JAX,LOWFI/0,11,1291,0.1291
JAX,LOWFI/0,11.5,42,0.0042
JAX,LOWFI/0,12,1023,0.1023
JAX,LOWFI/0,12.5,38,0.0038
JAX,LOWFI/0,13,718,0.0718
JAX,LOWFI/0,13.5,17,0.0017
JAX,LOWFI/0,14,378,0.0378
JAX,LOWFI/0,14.5,5,5e-4
JAX,LOWFI/0,15,154,0.0154
JAX,LOWFI/0,15.5,1,1e-4
JAX,LOWFI/0,16,55,0.0055
JAX,LOWFI/1,2,5,5e-4
JAX,LOWFI/1,2.5,1,1e-4
JAX,LOWFI/1,3,24,0.0024
JAX,LOWFI/1,3.5,3,3e-4
JAX,LOWFI/1,4,108,0.0108
JAX,LOWFI/1,4.5,3,3e-4
JAX,LOWFI/1,5,274,0.0274
JAX,LOWFI/1,5.5,8,8e-4
JAX,LOWFI/1,6,537,0.0537
JAX,LOWFI/1,6.5,18,0.0018
JAX,LOWFI/1,7,885,0.0885
JAX,LOWFI/1,7.5,45,0.0045
JAX,LOWFI/1,8,1270,0.127
JAX,LOWFI/1,8.5,73,0.0073
JAX,LOWFI/1,9,1606,0.1606
JAX,LOWFI/1,9.5,54,0.0054
JAX,LOWFI/1,10,1670,0.167
JAX,LOWFI/1,10.5,62,0.0062
JAX,LOWFI/1,11,1424,0.1424
JAX,LOWFI/1,11.5,40,0.004
JAX,LOWFI/1,12,971,0.0971
JAX,LOWFI/1,12.5,18,0.0018
JAX,LOWFI/1,13,555,0.0555
JAX,LOWFI/1,13.5,10,0.001
JAX,LOWFI/1,14,258,0.0258
JAX,LOWFI/1,15,66,0.0066
JAX,LOWFI/1,16,12,0.0012
KC,LOWFI/0,2,11,0.0011
KC,LOWFI/0,3,58,0.0058
KC,LOWFI/0,4,169,0.0169
KC,LOWFI/0,4.5,5,5e-4
KC,LOWFI/0,5,343,0.0343
KC,LOWFI/0,5.5,15,0.0015
KC,LOWFI/0,6,598,0.0598
KC,LOWFI/0,6.5,26,0.0026
KC,LOWFI/0,7,949,0.0949
KC,LOWFI/0,7.5,40,0.004
KC,LOWFI/0,8,1250,0.125
KC,LOWFI/0,8.5,47,0.0047
KC,LOWFI/0,9,1332,0.1332
KC,LOWFI/0,9.5,50,0.005
KC,LOWFI/0,10,1465,0.1465
KC,LOWFI/0,10.5,43,0.0043
KC,LOWFI/0,11,1318,0.1318
KC,LOWFI/0,11.5,47,0.0047
KC,LOWFI/0,12,952,0.0952
KC,LOWFI/0,12.5,29,0.0029
KC,LOWFI/0,13,694,0.0694
KC,LOWFI/0,13.5,6,6e-4
KC,LOWFI/0,14,317,0.0317
KC,LOWFI/0,14.5,3,3e-4
KC,LOWFI/0,15,159,0.0159
KC,LOWFI/0,15.5,3,3e-4
KC,LOWFI/0,16,63,0.0063
KC,LOWFI/0,17,8,8e-4
KC,LOWFI/1,3,1,1e-4
KC,LOWFI/1,3.5,1,1e-4
KC,LOWFI/1,4,15,0.0015
KC,LOWFI/1,4.5,1,1e-4
KC,LOWFI/1,5,65,0.0065
KC,LOWFI/1,5.5,7,7e-4
KC,LOWFI/1,6,179,0.0179
KC,LOWFI/1,6.5,14,0.0014
KC,LOWFI/1,7,384,0.0384
KC,LOWFI/1,7.5,20,0.002
KC,LOWFI/1,8,714,0.0714
KC,LOWFI/1,8.5,29,0.0029
KC,LOWFI/1,9,1118,0.1118
KC,LOWFI/1,9.5,38,0.0038
KC,LOWFI/1,10,1504,0.1504
KC,LOWFI/1,10.5,53,0.0053
KC,LOWFI/1,11,1699,0.1699
KC,LOWFI/1,11.5,51,0.0051
KC,LOWFI/1,12,1540,0.154
KC,LOWFI/1,12.5,60,0.006
KC,LOWFI/1,13,1227,0.1227
KC,LOWFI/1,13.5,26,0.0026
KC,LOWFI/1,14,771,0.0771
KC,LOWFI/1,14.5,17,0.0017
KC,LOWFI/1,15,323,0.0323
KC,LOWFI/1,15.5,5,5e-4
KC,LOWFI/1,16,117,0.0117
KC,LOWFI/1,16.5,1,1e-4
KC,LOWFI/1,17,20,0.002
LA,LOWFI/0,1,5,5e-4
LA,LOWFI/0,1.5,1,1e-4
LA,LOWFI/0,2,37,0.0037
LA,LOWFI/0,2.5,1,1e-4
LA,LOWFI/0,3,124,0.0124
LA,LOWFI/0,3.5,7,7e-4
LA,LOWFI/0,4,261,0.0261
LA,LOWFI/0,4.5,8,8e-4
LA,LOWFI/0,5,552,0.0552
LA,LOWFI/0,5.5,27,0.0027
LA,LOWFI/0,6,866,0.0866
LA,LOWFI/0,6.5,34,0.0034
LA,LOWFI/0,7,1122,0.1122
LA,LOWFI/0,7.5,46,0.0046
LA,LOWFI/0,8,1269,0.1269
LA,LOWFI/0,8.5,63,0.0063
LA,LOWFI/0,9,1431,0.1431
LA,LOWFI/0,9.5,53,0.0053
LA,LOWFI/0,10,1299,0.1299
LA,LOWFI/0,10.5,47,0.0047
LA,LOWFI/0,11,1075,0.1075
LA,LOWFI/0,11.5,27,0.0027
LA,LOWFI/0,12,783,0.0783
LA,LOWFI/0,12.5,17,0.0017
LA,LOWFI/0,13,485,0.0485
LA,LOWFI/0,13.5,10,0.001
LA,LOWFI/0,14,236,0.0236
LA,LOWFI/0,14.5,3,3e-4
LA,LOWFI/0,15,92,0.0092
LA,LOWFI/0,16,19,0.0019
LA,LOWFI/1,1,1,1e-4
LA,LOWFI/1,2,6,6e-4
LA,LOWFI/1,2.5,1,1e-4
LA,LOWFI/1,3,42,0.0042
LA,LOWFI/1,3.5,1,1e-4
LA,LOWFI/1,4,116,0.0116
LA,LOWFI/1,4.5,3,3e-4
LA,LOWFI/1,5,302,0.0302
LA,LOWFI/1,5.5,23,0.0023
LA,LOWFI/1,6,596,0.0596
LA,LOWFI/1,6.5,28,0.0028
LA,LOWFI/1,7,1005,0.1005
LA,LOWFI/1,7.5,38,0.0038
LA,LOWFI/1,8,1410,0.141
LA,LOWFI/1,8.5,50,0.005
LA,LOWFI/1,9,1541,0.1541
LA,LOWFI/1,9.5,60,0.006
LA,LOWFI/1,10,1597,0.1597
LA,LOWFI/1,10.5,47,0.0047
LA,LOWFI/1,11,1315,0.1315
LA,LOWFI/1,11.5,52,0.0052
LA,LOWFI/1,12,933,0.0933
LA,LOWFI/1,12.5,33,0.0033
LA,LOWFI/1,13,504,0.0504
LA,LOWFI/1,13.5,10,0.001
LA,LOWFI/1,14,215,0.0215
LA,LOWFI/1,14.5,2,2e-4
LA,LOWFI/1,15,63,0.0063
LA,LOWFI/1,16,6,6e-4
LAC,LOWFI/0,0,68,0.0068
LAC,LOWFI/0,0.5,2,2e-4
LAC,LOWFI/0,1,239,0.0239
LAC,LOWFI/0,1.5,15,0.0015
LAC,LOWFI/0,2,581,0.0581
LAC,LOWFI/0,2.5,16,0.0016
LAC,LOWFI/0,3,980,0.098
LAC,LOWFI/0,3.5,28,0.0028
LAC,LOWFI/0,4,1284,0.1284
LAC,LOWFI/0,4.5,38,0.0038
LAC,LOWFI/0,5,1437,0.1437
LAC,LOWFI/0,5.5,57,0.0057
LAC,LOWFI/0,6,1410,0.141
LAC,LOWFI/0,6.5,41,0.0041
LAC,LOWFI/0,7,1244,0.1244
LAC,LOWFI/0,7.5,47,0.0047
LAC,LOWFI/0,8,1014,0.1014
LAC,LOWFI/0,8.5,24,0.0024
LAC,LOWFI/0,9,675,0.0675
LAC,LOWFI/0,9.5,12,0.0012
LAC,LOWFI/0,10,408,0.0408
LAC,LOWFI/0,10.5,7,7e-4
LAC,LOWFI/0,11,222,0.0222
LAC,LOWFI/0,11.5,4,4e-4
LAC,LOWFI/0,12,94,0.0094
LAC,LOWFI/0,12.5,2,2e-4
LAC,LOWFI/0,13,43,0.0043
LAC,LOWFI/0,14,8,8e-4
LAC,LOWFI/1,0,21,0.0021
LAC,LOWFI/1,0.5,1,1e-4
LAC,LOWFI/1,1,111,0.0111
LAC,LOWFI/1,1.5,4,4e-4
LAC,LOWFI/1,2,326,0.0326
LAC,LOWFI/1,2.5,19,0.0019
LAC,LOWFI/1,3,681,0.0681
LAC,LOWFI/1,3.5,43,0.0043
LAC,LOWFI/1,4,1089,0.1089
LAC,LOWFI/1,4.5,40,0.004
LAC,LOWFI/1,5,1574,0.1574
LAC,LOWFI/1,5.5,57,0.0057
LAC,LOWFI/1,6,1620,0.162
LAC,LOWFI/1,6.5,51,0.0051
LAC,LOWFI/1,7,1491,0.1491
LAC,LOWFI/1,7.5,57,0.0057
LAC,LOWFI/1,8,1192,0.1192
LAC,LOWFI/1,8.5,32,0.0032
LAC,LOWFI/1,9,774,0.0774
LAC,LOWFI/1,9.5,32,0.0032
LAC,LOWFI/1,10,434,0.0434
LAC,LOWFI/1,10.5,9,9e-4
LAC,LOWFI/1,11,231,0.0231
LAC,LOWFI/1,11.5,2,2e-4
LAC,LOWFI/1,12,74,0.0074
LAC,LOWFI/1,12.5,1,1e-4
LAC,LOWFI/1,13,27,0.0027
LAC,LOWFI/1,14,7,7e-4
LV,LOWFI/0,2,22,0.0022
LV,LOWFI/0,2.5,2,2e-4
LV,LOWFI/0,3,122,0.0122
LV,LOWFI/0,3.5,3,3e-4
LV,LOWFI/0,4,325,0.0325
LV,LOWFI/0,4.5,19,0.0019
LV,LOWFI/0,5,609,0.0609
LV,LOWFI/0,5.5,34,0.0034
LV,LOWFI/0,6,963,0.0963
LV,LOWFI/0,6.5,34,0.0034
LV,LOWFI/0,7,1265,0.1265
LV,LOWFI/0,7.5,46,0.0046
LV,LOWFI/0,8,1315,0.1315
LV,LOWFI/0,8.5,47,0.0047
LV,LOWFI/0,9,1396,0.1396
LV,LOWFI/0,9.5,49,0.0049
LV,LOWFI/0,10,1301,0.1301
LV,LOWFI/0,10.5,36,0.0036
LV,LOWFI/0,11,979,0.0979
LV,LOWFI/0,11.5,36,0.0036
LV,LOWFI/0,12,644,0.0644
LV,LOWFI/0,12.5,16,0.0016
LV,LOWFI/0,13,375,0.0375
LV,LOWFI/0,13.5,8,8e-4
LV,LOWFI/0,14,217,0.0217
LV,LOWFI/0,14.5,8,8e-4
LV,LOWFI/0,15,94,0.0094
LV,LOWFI/0,15.5,1,1e-4
LV,LOWFI/0,16,28,0.0028
LV,LOWFI/0,17,6,6e-4
LV,LOWFI/1,2,2,2e-4
LV,LOWFI/1,2.5,1,1e-4
LV,LOWFI/1,3,55,0.0055
LV,LOWFI/1,3.5,5,5e-4
LV,LOWFI/1,4,192,0.0192
LV,LOWFI/1,4.5,11,0.0011
LV,LOWFI/1,5,514,0.0514
LV,LOWFI/1,5.5,20,0.002
LV,LOWFI/1,6,934,0.0934
LV,LOWFI/1,6.5,41,0.0041
LV,LOWFI/1,7,1290,0.129
LV,LOWFI/1,7.5,61,0.0061
LV,LOWFI/1,8,1510,0.151
LV,LOWFI/1,8.5,65,0.0065
LV,LOWFI/1,9,1602,0.1602
LV,LOWFI/1,9.5,59,0.0059
LV,LOWFI/1,10,1351,0.1351
LV,LOWFI/1,10.5,51,0.0051
LV,LOWFI/1,11,1024,0.1024
LV,LOWFI/1,11.5,20,0.002
LV,LOWFI/1,12,616,0.0616
LV,LOWFI/1,12.5,16,0.0016
LV,LOWFI/1,13,341,0.0341
LV,LOWFI/1,13.5,6,6e-4
LV,LOWFI/1,14,146,0.0146
LV,LOWFI/1,14.5,6,6e-4
LV,LOWFI/1,15,47,0.0047
LV,LOWFI/1,15.5,1,1e-4
LV,LOWFI/1,16,12,0.0012
LV,LOWFI/1,17,1,1e-4
MIA,LOWFI/0,0,80,0.008
MIA,LOWFI/0,0.5,1,1e-4
MIA,LOWFI/0,1,292,0.0292
MIA,LOWFI/0,1.5,10,0.001
MIA,LOWFI/0,2,581,0.0581
MIA,LOWFI/0,2.5,16,0.0016
MIA,LOWFI/0,3,916,0.0916
MIA,LOWFI/0,3.5,31,0.0031
MIA,LOWFI/0,4,1196,0.1196
MIA,LOWFI/0,4.5,36,0.0036
MIA,LOWFI/0,5,1356,0.1356
MIA,LOWFI/0,5.5,62,0.0062
MIA,LOWFI/0,6,1423,0.1423
MIA,LOWFI/0,6.5,62,0.0062
MIA,LOWFI/0,7,1247,0.1247
MIA,LOWFI/0,7.5,51,0.0051
MIA,LOWFI/0,8,1013,0.1013
MIA,LOWFI/0,8.5,27,0.0027
MIA,LOWFI/0,9,715,0.0715
MIA,LOWFI/0,9.5,23,0.0023
MIA,LOWFI/0,10,412,0.0412
MIA,LOWFI/0,10.5,13,0.0013
MIA,LOWFI/0,11,261,0.0261
MIA,LOWFI/0,11.5,8,8e-4
MIA,LOWFI/0,12,107,0.0107
MIA,LOWFI/0,12.5,3,3e-4
MIA,LOWFI/0,13,45,0.0045
MIA,LOWFI/0,13.5,1,1e-4
MIA,LOWFI/0,14,10,0.001
MIA,LOWFI/0,15,2,2e-4
MIA,LOWFI/1,0,139,0.0139
MIA,LOWFI/1,0.5,4,4e-4
MIA,LOWFI/1,1,567,0.0567
MIA,LOWFI/1,1.5,23,0.0023
MIA,LOWFI/1,2,1123,0.1123
MIA,LOWFI/1,2.5,34,0.0034
MIA,LOWFI/1,3,1592,0.1592
MIA,LOWFI/1,3.5,67,0.0067
MIA,LOWFI/1,4,1814,0.1814
MIA,LOWFI/1,4.5,54,0.0054
MIA,LOWFI/1,5,1590,0.159
MIA,LOWFI/1,5.5,63,0.0063
MIA,LOWFI/1,6,1261,0.1261
MIA,LOWFI/1,6.5,38,0.0038
MIA,LOWFI/1,7,861,0.0861
MIA,LOWFI/1,7.5,27,0.0027
MIA,LOWFI/1,8,398,0.0398
MIA,LOWFI/1,8.5,10,0.001
MIA,LOWFI/1,9,210,0.021
MIA,LOWFI/1,9.5,4,4e-4
MIA,LOWFI/1,10,87,0.0087
MIA,LOWFI/1,11,25,0.0025
MIA,LOWFI/1,12,7,7e-4
MIA,LOWFI/1,13,2,2e-4
MIN,LOWFI/0,2,1,1e-4
MIN,LOWFI/0,3,14,0.0014
MIN,LOWFI/0,4,50,0.005
MIN,LOWFI/0,4.5,2,2e-4
MIN,LOWFI/0,5,121,0.0121
MIN,LOWFI/0,5.5,2,2e-4
MIN,LOWFI/0,6,285,0.0285
MIN,LOWFI/0,6.5,8,8e-4
MIN,LOWFI/0,7,498,0.0498
MIN,LOWFI/0,7.5,26,0.0026
MIN,LOWFI/0,8,773,0.0773
MIN,LOWFI/0,8.5,39,0.0039
MIN,LOWFI/0,9,1053,0.1053
MIN,LOWFI/0,9.5,47,0.0047
MIN,LOWFI/0,10,1324,0.1324
MIN,LOWFI/0,10.5,52,0.0052
MIN,LOWFI/0,11,1420,0.142
MIN,LOWFI/0,11.5,44,0.0044
MIN,LOWFI/0,12,1410,0.141
MIN,LOWFI/0,12.5,48,0.0048
MIN,LOWFI/0,13,1154,0.1154
MIN,LOWFI/0,13.5,22,0.0022
MIN,LOWFI/0,14,812,0.0812
MIN,LOWFI/0,14.5,14,0.0014
MIN,LOWFI/0,15,526,0.0526
MIN,LOWFI/0,15.5,8,8e-4
MIN,LOWFI/0,16,190,0.019
MIN,LOWFI/0,17,57,0.0057
MIN,LOWFI/1,2,2,2e-4
MIN,LOWFI/1,3,13,0.0013
MIN,LOWFI/1,3.5,1,1e-4
MIN,LOWFI/1,4,47,0.0047
MIN,LOWFI/1,4.5,1,1e-4
MIN,LOWFI/1,5,145,0.0145
MIN,LOWFI/1,5.5,8,8e-4
MIN,LOWFI/1,6,311,0.0311
MIN,LOWFI/1,6.5,20,0.002
MIN,LOWFI/1,7,583,0.0583
MIN,LOWFI/1,7.5,31,0.0031
MIN,LOWFI/1,8,1041,0.1041
MIN,LOWFI/1,8.5,37,0.0037
MIN,LOWFI/1,9,1359,0.1359
MIN,LOWFI/1,9.5,58,0.0058
MIN,LOWFI/1,10,1567,0.1567
MIN,LOWFI/1,10.5,61,0.0061
MIN,LOWFI/1,11,1515,0.1515
MIN,LOWFI/1,11.5,35,0.0035
MIN,LOWFI/1,12,1268,0.1268
MIN,LOWFI/1,12.5,38,0.0038
MIN,LOWFI/1,13,942,0.0942
MIN,LOWFI/1,13.5,24,0.0024
MIN,LOWFI/1,14,535,0.0535
MIN,LOWFI/1,14.5,14,0.0014
MIN,LOWFI/1,15,233,0.0233
MIN,LOWFI/1,15.5,8,8e-4
MIN,LOWFI/1,16,86,0.0086
MIN,LOWFI/1,17,17,0.0017
NE,LOWFI/0,1,4,4e-4
NE,LOWFI/0,2,19,0.0019
NE,LOWFI/0,2.5,3,3e-4
NE,LOWFI/0,3,54,0.0054
NE,LOWFI/0,3.5,2,2e-4
NE,LOWFI/0,4,194,0.0194
NE,LOWFI/0,4.5,10,0.001
NE,LOWFI/0,5,361,0.0361
NE,LOWFI/0,5.5,15,0.0015
NE,LOWFI/0,6,591,0.0591
NE,LOWFI/0,6.5,31,0.0031
NE,LOWFI/0,7,919,0.0919
NE,LOWFI/0,7.5,39,0.0039
NE,LOWFI/0,8,1138,0.1138
NE,LOWFI/0,8.5,40,0.004
NE,LOWFI/0,9,1314,0.1314
NE,LOWFI/0,9.5,54,0.0054
NE,LOWFI/0,10,1392,0.1392
NE,LOWFI/0,10.5,50,0.005
NE,LOWFI/0,11,1276,0.1276
NE,LOWFI/0,11.5,34,0.0034
NE,LOWFI/0,12,1064,0.1064
NE,LOWFI/0,12.5,22,0.0022
NE,LOWFI/0,13,709,0.0709
NE,LOWFI/0,13.5,18,0.0018
NE,LOWFI/0,14,417,0.0417
NE,LOWFI/0,14.5,9,9e-4
NE,LOWFI/0,15,174,0.0174
NE,LOWFI/0,15.5,1,1e-4
NE,LOWFI/0,16,46,0.0046
NE,LOWFI/1,1,1,1e-4
NE,LOWFI/1,2,13,0.0013
NE,LOWFI/1,3,54,0.0054
NE,LOWFI/1,3.5,1,1e-4
NE,LOWFI/1,4,151,0.0151
NE,LOWFI/1,4.5,8,8e-4
NE,LOWFI/1,5,426,0.0426
NE,LOWFI/1,5.5,15,0.0015
NE,LOWFI/1,6,740,0.074
NE,LOWFI/1,6.5,37,0.0037
NE,LOWFI/1,7,1151,0.1151
NE,LOWFI/1,7.5,50,0.005
NE,LOWFI/1,8,1446,0.1446
NE,LOWFI/1,8.5,60,0.006
NE,LOWFI/1,9,1649,0.1649
NE,LOWFI/1,9.5,58,0.0058
NE,LOWFI/1,10,1553,0.1553
NE,LOWFI/1,10.5,64,0.0064
NE,LOWFI/1,11,1142,0.1142
NE,LOWFI/1,11.5,42,0.0042
NE,LOWFI/1,12,760,0.076
NE,LOWFI/1,12.5,16,0.0016
NE,LOWFI/1,13,382,0.0382
NE,LOWFI/1,13.5,2,2e-4
NE,LOWFI/1,14,135,0.0135
NE,LOWFI/1,14.5,1,1e-4
NE,LOWFI/1,15,38,0.0038
NE,LOWFI/1,16,5,5e-4
NO,LOWFI/0,1,15,0.0015
NO,LOWFI/0,2,57,0.0057
NO,LOWFI/0,2.5,4,4e-4
NO,LOWFI/0,3,172,0.0172
NO,LOWFI/0,3.5,8,8e-4
NO,LOWFI/0,4,334,0.0334
NO,LOWFI/0,4.5,12,0.0012
NO,LOWFI/0,5,660,0.066
NO,LOWFI/0,5.5,20,0.002
NO,LOWFI/0,6,876,0.0876
NO,LOWFI/0,6.5,41,0.0041
NO,LOWFI/0,7,1164,0.1164
NO,LOWFI/0,7.5,37,0.0037
NO,LOWFI/0,8,1376,0.1376
NO,LOWFI/0,8.5,49,0.0049
NO,LOWFI/0,9,1370,0.137
NO,LOWFI/0,9.5,48,0.0048
NO,LOWFI/0,10,1233,0.1233
NO,LOWFI/0,10.5,48,0.0048
NO,LOWFI/0,11,1002,0.1002
NO,LOWFI/0,11.5,34,0.0034
NO,LOWFI/0,12,701,0.0701
NO,LOWFI/0,12.5,13,0.0013
NO,LOWFI/0,13,422,0.0422
NO,LOWFI/0,13.5,10,0.001
NO,LOWFI/0,14,202,0.0202
NO,LOWFI/0,14.5,5,5e-4
NO,LOWFI/0,15,70,0.007
NO,LOWFI/0,16,17,0.0017
NO,LOWFI/1,1,1,1e-4
NO,LOWFI/1,2,11,0.0011
NO,LOWFI/1,2.5,1,1e-4
NO,LOWFI/1,3,57,0.0057
NO,LOWFI/1,3.5,6,6e-4
NO,LOWFI/1,4,182,0.0182
NO,LOWFI/1,4.5,10,0.001
NO,LOWFI/1,5,460,0.046
NO,LOWFI/1,5.5,20,0.002
NO,LOWFI/1,6,767,0.0767
NO,LOWFI/1,6.5,42,0.0042
NO,LOWFI/1,7,1119,0.1119
NO,LOWFI/1,7.5,54,0.0054
NO,LOWFI/1,8,1419,0.1419
NO,LOWFI/1,8.5,57,0.0057
NO,LOWFI/1,9,1602,0.1602
NO,LOWFI/1,9.5,51,0.0051
NO,LOWFI/1,10,1480,0.148
NO,LOWFI/1,10.5,47,0.0047
NO,LOWFI/1,11,1220,0.122
NO,LOWFI/1,11.5,29,0.0029
NO,LOWFI/1,12,728,0.0728
NO,LOWFI/1,12.5,25,0.0025
NO,LOWFI/1,13,410,0.041
NO,LOWFI/1,13.5,13,0.0013
NO,LOWFI/1,14,145,0.0145
NO,LOWFI/1,14.5,3,3e-4
NO,LOWFI/1,15,38,0.0038
NO,LOWFI/1,16,3,3e-4
NYG,LOWFI/0,1,26,0.0026
NYG,LOWFI/0,1.5,1,1e-4
NYG,LOWFI/0,2,78,0.0078
NYG,LOWFI/0,2.5,3,3e-4
NYG,LOWFI/0,3,239,0.0239
NYG,LOWFI/0,3.5,13,0.0013
NYG,LOWFI/0,4,465,0.0465
NYG,LOWFI/0,4.5,26,0.0026
NYG,LOWFI/0,5,772,0.0772
NYG,LOWFI/0,5.5,46,0.0046
NYG,LOWFI/0,6,1126,0.1126
NYG,LOWFI/0,6.5,46,0.0046
NYG,LOWFI/0,7,1273,0.1273
NYG,LOWFI/0,7.5,52,0.0052
NYG,LOWFI/0,8,1404,0.1404
NYG,LOWFI/0,8.5,53,0.0053
NYG,LOWFI/0,9,1383,0.1383
NYG,LOWFI/0,9.5,43,0.0043
NYG,LOWFI/0,10,1148,0.1148
NYG,LOWFI/0,10.5,29,0.0029
NYG,LOWFI/0,11,808,0.0808
NYG,LOWFI/0,11.5,21,0.0021
NYG,LOWFI/0,12,512,0.0512
NYG,LOWFI/0,12.5,5,5e-4
NYG,LOWFI/0,13,258,0.0258
NYG,LOWFI/0,13.5,4,4e-4
NYG,LOWFI/0,14,125,0.0125
NYG,LOWFI/0,14.5,2,2e-4
NYG,LOWFI/0,15,34,0.0034
NYG,LOWFI/0,15.5,2,2e-4
NYG,LOWFI/0,16,3,3e-4
NYG,LOWFI/1,1,11,0.0011
NYG,LOWFI/1,2,69,0.0069
NYG,LOWFI/1,2.5,2,2e-4
NYG,LOWFI/1,3,262,0.0262
NYG,LOWFI/1,3.5,9,9e-4
NYG,LOWFI/1,4,557,0.0557
NYG,LOWFI/1,4.5,25,0.0025
NYG,LOWFI/1,5,988,0.0988
NYG,LOWFI/1,5.5,36,0.0036
NYG,LOWFI/1,6,1322,0.1322
NYG,LOWFI/1,6.5,59,0.0059
NYG,LOWFI/1,7,1555,0.1555
NYG,LOWFI/1,7.5,67,0.0067
NYG,LOWFI/1,8,1569,0.1569
NYG,LOWFI/1,8.5,61,0.0061
NYG,LOWFI/1,9,1302,0.1302
NYG,LOWFI/1,9.5,37,0.0037
NYG,LOWFI/1,10,964,0.0964
NYG,LOWFI/1,10.5,27,0.0027
NYG,LOWFI/1,11,613,0.0613
NYG,LOWFI/1,11.5,12,0.0012
NYG,LOWFI/1,12,289,0.0289
NYG,LOWFI/1,12.5,5,5e-4
NYG,LOWFI/1,13,121,0.0121
NYG,LOWFI/1,14,33,0.0033
NYG,LOWFI/1,15,5,5e-4
NYJ,LOWFI/0,1,52,0.0052
NYJ,LOWFI/0,2,284,0.0284
NYJ,LOWFI/0,2.5,8,8e-4
NYJ,LOWFI/0,3,520,0.052
NYJ,LOWFI/0,3.5,19,0.0019
NYJ,LOWFI/0,4,886,0.0886
NYJ,LOWFI/0,4.5,31,0.0031
NYJ,LOWFI/0,5,1147,0.1147
NYJ,LOWFI/0,5.5,49,0.0049
NYJ,LOWFI/0,6,1474,0.1474
NYJ,LOWFI/0,6.5,39,0.0039
NYJ,LOWFI/0,7,1439,0.1439
NYJ,LOWFI/0,7.5,43,0.0043
NYJ,LOWFI/0,8,1250,0.125
NYJ,LOWFI/0,8.5,35,0.0035
NYJ,LOWFI/0,9,1068,0.1068
NYJ,LOWFI/0,9.5,33,0.0033
NYJ,LOWFI/0,10,733,0.0733
NYJ,LOWFI/0,10.5,22,0.0022
NYJ,LOWFI/0,11,444,0.0444
NYJ,LOWFI/0,11.5,11,0.0011
NYJ,LOWFI/0,12,252,0.0252
NYJ,LOWFI/0,12.5,3,3e-4
NYJ,LOWFI/0,13,105,0.0105
NYJ,LOWFI/0,13.5,4,4e-4
NYJ,LOWFI/0,14,37,0.0037
NYJ,LOWFI/0,15,11,0.0011
NYJ,LOWFI/0,16,1,1e-4
NYJ,LOWFI/1,1,14,0.0014
NYJ,LOWFI/1,2,90,0.009
NYJ,LOWFI/1,2.5,5,5e-4
NYJ,LOWFI/1,3,312,0.0312
NYJ,LOWFI/1,3.5,15,0.0015
NYJ,LOWFI/1,4,686,0.0686
NYJ,LOWFI/1,4.5,33,0.0033
NYJ,LOWFI/1,5,1149,0.1149
NYJ,LOWFI/1,5.5,53,0.0053
NYJ,LOWFI/1,6,1566,0.1566
NYJ,LOWFI/1,6.5,49,0.0049
NYJ,LOWFI/1,7,1666,0.1666
NYJ,LOWFI/1,7.5,63,0.0063
NYJ,LOWFI/1,8,1563,0.1563
NYJ,LOWFI/1,8.5,54,0.0054
NYJ,LOWFI/1,9,1146,0.1146
NYJ,LOWFI/1,9.5,30,0.003
NYJ,LOWFI/1,10,772,0.0772
NYJ,LOWFI/1,10.5,29,0.0029
NYJ,LOWFI/1,11,393,0.0393
NYJ,LOWFI/1,11.5,14,0.0014
NYJ,LOWFI/1,12,210,0.021
NYJ,LOWFI/1,12.5,5,5e-4
NYJ,LOWFI/1,13,60,0.006
NYJ,LOWFI/1,13.5,1,1e-4
NYJ,LOWFI/1,14,21,0.0021
NYJ,LOWFI/1,15,1,1e-4
PHI,LOWFI/0,2,6,6e-4
PHI,LOWFI/0,3,23,0.0023
PHI,LOWFI/0,3.5,1,1e-4
PHI,LOWFI/0,4,69,0.0069
PHI,LOWFI/0,4.5,1,1e-4
PHI,LOWFI/0,5,134,0.0134
PHI,LOWFI/0,5.5,4,4e-4
PHI,LOWFI/0,6,313,0.0313
PHI,LOWFI/0,6.5,19,0.0019
PHI,LOWFI/0,7,586,0.0586
PHI,LOWFI/0,7.5,35,0.0035
PHI,LOWFI/0,8,822,0.0822
PHI,LOWFI/0,8.5,30,0.003
PHI,LOWFI/0,9,979,0.0979
PHI,LOWFI/0,9.5,42,0.0042
PHI,LOWFI/0,10,1290,0.129
PHI,LOWFI/0,10.5,45,0.0045
PHI,LOWFI/0,11,1422,0.1422
PHI,LOWFI/0,11.5,46,0.0046
PHI,LOWFI/0,12,1291,0.1291
PHI,LOWFI/0,12.5,33,0.0033
PHI,LOWFI/0,13,1096,0.1096
PHI,LOWFI/0,13.5,25,0.0025
PHI,LOWFI/0,14,818,0.0818
PHI,LOWFI/0,14.5,18,0.0018
PHI,LOWFI/0,15,544,0.0544
PHI,LOWFI/0,15.5,2,2e-4
PHI,LOWFI/0,16,235,0.0235
PHI,LOWFI/0,16.5,1,1e-4
PHI,LOWFI/0,17,70,0.007
PHI,LOWFI/1,2,1,1e-4
PHI,LOWFI/1,3,15,0.0015
PHI,LOWFI/1,4,66,0.0066
PHI,LOWFI/1,4.5,1,1e-4
PHI,LOWFI/1,5,150,0.015
PHI,LOWFI/1,5.5,10,0.001
PHI,LOWFI/1,6,361,0.0361
PHI,LOWFI/1,6.5,16,0.0016
PHI,LOWFI/1,7,727,0.0727
PHI,LOWFI/1,7.5,38,0.0038
PHI,LOWFI/1,8,1104,0.1104
PHI,LOWFI/1,8.5,49,0.0049
PHI,LOWFI/1,9,1421,0.1421
PHI,LOWFI/1,9.5,58,0.0058
PHI,LOWFI/1,10,1650,0.165
PHI,LOWFI/1,10.5,51,0.0051
PHI,LOWFI/1,11,1535,0.1535
PHI,LOWFI/1,11.5,56,0.0056
PHI,LOWFI/1,12,1148,0.1148
PHI,LOWFI/1,12.5,40,0.004
PHI,LOWFI/1,13,783,0.0783
PHI,LOWFI/1,13.5,25,0.0025
PHI,LOWFI/1,14,468,0.0468
PHI,LOWFI/1,14.5,12,0.0012
PHI,LOWFI/1,15,178,0.0178
PHI,LOWFI/1,15.5,3,3e-4
PHI,LOWFI/1,16,29,0.0029
PHI,LOWFI/1,17,5,5e-4
PIT,LOWFI/0,1,4,4e-4
PIT,LOWFI/0,1.5,1,1e-4
PIT,LOWFI/0,2,37,0.0037
PIT,LOWFI/0,3,127,0.0127
PIT,LOWFI/0,3.5,9,9e-4
PIT,LOWFI/0,4,305,0.0305
PIT,LOWFI/0,4.5,10,0.001
PIT,LOWFI/0,5,547,0.0547
PIT,LOWFI/0,5.5,21,0.0021
PIT,LOWFI/0,6,785,0.0785
PIT,LOWFI/0,6.5,37,0.0037
PIT,LOWFI/0,7,1014,0.1014
PIT,LOWFI/0,7.5,52,0.0052
PIT,LOWFI/0,8,1237,0.1237
PIT,LOWFI/0,8.5,45,0.0045
PIT,LOWFI/0,9,1373,0.1373
PIT,LOWFI/0,9.5,51,0.0051
PIT,LOWFI/0,10,1321,0.1321
PIT,LOWFI/0,10.5,47,0.0047
PIT,LOWFI/0,11,1112,0.1112
PIT,LOWFI/0,11.5,43,0.0043
PIT,LOWFI/0,12,817,0.0817
PIT,LOWFI/0,12.5,25,0.0025
PIT,LOWFI/0,13,562,0.0562
PIT,LOWFI/0,13.5,20,0.002
PIT,LOWFI/0,14,265,0.0265
PIT,LOWFI/0,14.5,2,2e-4
PIT,LOWFI/0,15,106,0.0106
PIT,LOWFI/0,16,25,0.0025
PIT,LOWFI/1,1,14,0.0014
PIT,LOWFI/1,1.5,1,1e-4
PIT,LOWFI/1,2,74,0.0074
PIT,LOWFI/1,2.5,3,3e-4
PIT,LOWFI/1,3,220,0.022
PIT,LOWFI/1,3.5,16,0.0016
PIT,LOWFI/1,4,585,0.0585
PIT,LOWFI/1,4.5,27,0.0027
PIT,LOWFI/1,5,1017,0.1017
PIT,LOWFI/1,5.5,51,0.0051
PIT,LOWFI/1,6,1440,0.144
PIT,LOWFI/1,6.5,61,0.0061
PIT,LOWFI/1,7,1543,0.1543
PIT,LOWFI/1,7.5,57,0.0057
PIT,LOWFI/1,8,1597,0.1597
PIT,LOWFI/1,8.5,62,0.0062
PIT,LOWFI/1,9,1308,0.1308
PIT,LOWFI/1,9.5,40,0.004
PIT,LOWFI/1,10,928,0.0928
PIT,LOWFI/1,10.5,26,0.0026
PIT,LOWFI/1,11,503,0.0503
PIT,LOWFI/1,11.5,12,0.0012
PIT,LOWFI/1,12,264,0.0264
PIT,LOWFI/1,12.5,4,4e-4
PIT,LOWFI/1,13,108,0.0108
PIT,LOWFI/1,13.5,2,2e-4
PIT,LOWFI/1,14,29,0.0029
PIT,LOWFI/1,15,8,8e-4
SEA,LOWFI/0,2,1,1e-4
SEA,LOWFI/0,3,6,6e-4
SEA,LOWFI/0,4,36,0.0036
SEA,LOWFI/0,5,69,0.0069
SEA,LOWFI/0,5.5,1,1e-4
SEA,LOWFI/0,6,151,0.0151
SEA,LOWFI/0,6.5,11,0.0011
SEA,LOWFI/0,7,317,0.0317
SEA,LOWFI/0,7.5,13,0.0013
SEA,LOWFI/0,8,518,0.0518
SEA,LOWFI/0,8.5,36,0.0036
SEA,LOWFI/0,9,838,0.0838
SEA,LOWFI/0,9.5,42,0.0042
SEA,LOWFI/0,10,1102,0.1102
SEA,LOWFI/0,10.5,54,0.0054
SEA,LOWFI/0,11,1326,0.1326
SEA,LOWFI/0,11.5,45,0.0045
SEA,LOWFI/0,12,1434,0.1434
SEA,LOWFI/0,12.5,54,0.0054
SEA,LOWFI/0,13,1347,0.1347
SEA,LOWFI/0,13.5,40,0.004
SEA,LOWFI/0,14,1159,0.1159
SEA,LOWFI/0,14.5,18,0.0018
SEA,LOWFI/0,15,768,0.0768
SEA,LOWFI/0,15.5,12,0.0012
SEA,LOWFI/0,16,452,0.0452
SEA,LOWFI/0,16.5,6,6e-4
SEA,LOWFI/0,17,144,0.0144
SEA,LOWFI/1,3,6,6e-4
SEA,LOWFI/1,3.5,1,1e-4
SEA,LOWFI/1,4,18,0.0018
SEA,LOWFI/1,5,83,0.0083
SEA,LOWFI/1,5.5,6,6e-4
SEA,LOWFI/1,6,177,0.0177
SEA,LOWFI/1,6.5,9,9e-4
SEA,LOWFI/1,7,464,0.0464
SEA,LOWFI/1,7.5,14,0.0014
SEA,LOWFI/1,8,772,0.0772
SEA,LOWFI/1,8.5,30,0.003
SEA,LOWFI/1,9,1189,0.1189
SEA,LOWFI/1,9.5,56,0.0056
SEA,LOWFI/1,10,1504,0.1504
SEA,LOWFI/1,10.5,62,0.0062
SEA,LOWFI/1,11,1601,0.1601
SEA,LOWFI/1,11.5,59,0.0059
SEA,LOWFI/1,12,1570,0.157
SEA,LOWFI/1,12.5,45,0.0045
SEA,LOWFI/1,13,1125,0.1125
SEA,LOWFI/1,13.5,39,0.0039
SEA,LOWFI/1,14,698,0.0698
SEA,LOWFI/1,14.5,16,0.0016
SEA,LOWFI/1,15,330,0.033
SEA,LOWFI/1,15.5,2,2e-4
SEA,LOWFI/1,16,101,0.0101
SEA,LOWFI/1,16.5,1,1e-4
SEA,LOWFI/1,17,22,0.0022
SF,LOWFI/0,2,1,1e-4
SF,LOWFI/0,3,10,0.001
SF,LOWFI/0,3.5,1,1e-4
SF,LOWFI/0,4,41,0.0041
SF,LOWFI/0,4.5,2,2e-4
SF,LOWFI/0,5,71,0.0071
SF,LOWFI/0,5.5,4,4e-4
SF,LOWFI/0,6,244,0.0244
SF,LOWFI/0,6.5,11,0.0011
SF,LOWFI/0,7,456,0.0456
SF,LOWFI/0,7.5,19,0.0019
SF,LOWFI/0,8,704,0.0704
SF,LOWFI/0,8.5,32,0.0032
SF,LOWFI/0,9,1005,0.1005
SF,LOWFI/0,9.5,50,0.005
SF,LOWFI/0,10,1298,0.1298
SF,LOWFI/0,10.5,49,0.0049
SF,LOWFI/0,11,1418,0.1418
SF,LOWFI/0,11.5,46,0.0046
SF,LOWFI/0,12,1340,0.134
SF,LOWFI/0,12.5,50,0.005
SF,LOWFI/0,13,1241,0.1241
SF,LOWFI/0,13.5,45,0.0045
SF,LOWFI/0,14,939,0.0939
SF,LOWFI/0,14.5,21,0.0021
SF,LOWFI/0,15,559,0.0559
SF,LOWFI/0,15.5,11,0.0011
SF,LOWFI/0,16,249,0.0249
SF,LOWFI/0,16.5,1,1e-4
SF,LOWFI/0,17,82,0.0082
SF,LOWFI/1,2,1,1e-4
SF,LOWFI/1,3,3,3e-4
SF,LOWFI/1,4,10,0.001
SF,LOWFI/1,4.5,1,1e-4
SF,LOWFI/1,5,44,0.0044
SF,LOWFI/1,6,112,0.0112
SF,LOWFI/1,6.5,7,7e-4
SF,LOWFI/1,7,281,0.0281
SF,LOWFI/1,7.5,20,0.002
SF,LOWFI/1,8,533,0.0533
SF,LOWFI/1,8.5,31,0.0031
SF,LOWFI/1,9,899,0.0899
SF,LOWFI/1,9.5,44,0.0044
SF,LOWFI/1,10,1285,0.1285
SF,LOWFI/1,10.5,59,0.0059
SF,LOWFI/1,11,1596,0.1596
SF,LOWFI/1,11.5,67,0.0067
SF,LOWFI/1,12,1659,0.1659
SF,LOWFI/1,12.5,65,0.0065
SF,LOWFI/1,13,1533,0.1533
SF,LOWFI/1,13.5,36,0.0036
SF,LOWFI/1,14,942,0.0942
SF,LOWFI/1,14.5,19,0.0019
SF,LOWFI/1,15,550,0.055
SF,LOWFI/1,15.5,8,8e-4
SF,LOWFI/1,16,168,0.0168
SF,LOWFI/1,17,27,0.0027
TB,LOWFI/0,0,41,0.0041
TB,LOWFI/0,0.5,1,1e-4
TB,LOWFI/0,1,190,0.019
TB,LOWFI/0,1.5,3,3e-4
TB,LOWFI/0,2,437,0.0437
TB,LOWFI/0,2.5,18,0.0018
TB,LOWFI/0,3,721,0.0721
TB,LOWFI/0,3.5,27,0.0027
TB,LOWFI/0,4,1004,0.1004
TB,LOWFI/0,4.5,40,0.004
TB,LOWFI/0,5,1235,0.1235
TB,LOWFI/0,5.5,51,0.0051
TB,LOWFI/0,6,1367,0.1367
TB,LOWFI/0,6.5,57,0.0057
TB,LOWFI/0,7,1381,0.1381
TB,LOWFI/0,7.5,40,0.004
TB,LOWFI/0,8,1104,0.1104
TB,LOWFI/0,8.5,34,0.0034
TB,LOWFI/0,9,930,0.093
TB,LOWFI/0,9.5,29,0.0029
TB,LOWFI/0,10,607,0.0607
TB,LOWFI/0,10.5,16,0.0016
TB,LOWFI/0,11,360,0.036
TB,LOWFI/0,11.5,8,8e-4
TB,LOWFI/0,12,188,0.0188
TB,LOWFI/0,12.5,5,5e-4
TB,LOWFI/0,13,72,0.0072
TB,LOWFI/0,13.5,1,1e-4
TB,LOWFI/0,14,26,0.0026
TB,LOWFI/0,15,7,7e-4
TB,LOWFI/1,0,2,2e-4
TB,LOWFI/1,1,31,0.0031
TB,LOWFI/1,1.5,2,2e-4
TB,LOWFI/1,2,117,0.0117
TB,LOWFI/1,2.5,4,4e-4
TB,LOWFI/1,3,314,0.0314
TB,LOWFI/1,3.5,19,0.0019
TB,LOWFI/1,4,665,0.0665
TB,LOWFI/1,4.5,29,0.0029
TB,LOWFI/1,5,1023,0.1023
TB,LOWFI/1,5.5,49,0.0049
TB,LOWFI/1,6,1428,0.1428
TB,LOWFI/1,6.5,61,0.0061
TB,LOWFI/1,7,1591,0.1591
TB,LOWFI/1,7.5,64,0.0064
TB,LOWFI/1,8,1539,0.1539
TB,LOWFI/1,8.5,53,0.0053
TB,LOWFI/1,9,1220,0.122
TB,LOWFI/1,9.5,48,0.0048
TB,LOWFI/1,10,896,0.0896
TB,LOWFI/1,10.5,17,0.0017
TB,LOWFI/1,11,518,0.0518
TB,LOWFI/1,11.5,11,0.0011
TB,LOWFI/1,12,200,0.02
TB,LOWFI/1,12.5,6,6e-4
TB,LOWFI/1,13,77,0.0077
TB,LOWFI/1,13.5,1,1e-4
TB,LOWFI/1,14,13,0.0013
TB,LOWFI/1,15,2,2e-4
TEN,LOWFI/0,0,131,0.0131
TEN,LOWFI/0,0.5,2,2e-4
TEN,LOWFI/0,1,368,0.0368
TEN,LOWFI/0,1.5,14,0.0014
TEN,LOWFI/0,2,775,0.0775
TEN,LOWFI/0,2.5,32,0.0032
TEN,LOWFI/0,3,1042,0.1042
TEN,LOWFI/0,3.5,32,0.0032
TEN,LOWFI/0,4,1336,0.1336
TEN,LOWFI/0,4.5,64,0.0064
TEN,LOWFI/0,5,1445,0.1445
TEN,LOWFI/0,5.5,51,0.0051
TEN,LOWFI/0,6,1356,0.1356
TEN,LOWFI/0,6.5,52,0.0052
TEN,LOWFI/0,7,1093,0.1093
TEN,LOWFI/0,7.5,39,0.0039
TEN,LOWFI/0,8,866,0.0866
TEN,LOWFI/0,8.5,24,0.0024
TEN,LOWFI/0,9,598,0.0598
TEN,LOWFI/0,9.5,18,0.0018
TEN,LOWFI/0,10,338,0.0338
TEN,LOWFI/0,10.5,8,8e-4
TEN,LOWFI/0,11,193,0.0193
TEN,LOWFI/0,11.5,3,3e-4
TEN,LOWFI/0,12,91,0.0091
TEN,LOWFI/0,12.5,2,2e-4
TEN,LOWFI/0,13,22,0.0022
TEN,LOWFI/0,14,4,4e-4
TEN,LOWFI/0,15,1,1e-4
TEN,LOWFI/1,0,29,0.0029
TEN,LOWFI/1,0.5,1,1e-4
TEN,LOWFI/1,1,142,0.0142
TEN,LOWFI/1,1.5,3,3e-4
TEN,LOWFI/1,2,463,0.0463
TEN,LOWFI/1,2.5,21,0.0021
TEN,LOWFI/1,3,943,0.0943
TEN,LOWFI/1,3.5,41,0.0041
TEN,LOWFI/1,4,1372,0.1372
TEN,LOWFI/1,4.5,50,0.005
TEN,LOWFI/1,5,1658,0.1658
TEN,LOWFI/1,5.5,58,0.0058
TEN,LOWFI/1,6,1648,0.1648
TEN,LOWFI/1,6.5,56,0.0056
TEN,LOWFI/1,7,1356,0.1356
TEN,LOWFI/1,7.5,52,0.0052
TEN,LOWFI/1,8,1001,0.1001
TEN,LOWFI/1,8.5,27,0.0027
TEN,LOWFI/1,9,599,0.0599
TEN,LOWFI/1,9.5,15,0.0015
TEN,LOWFI/1,10,271,0.0271
TEN,LOWFI/1,10.5,5,5e-4
TEN,LOWFI/1,11,130,0.013
TEN,LOWFI/1,11.5,2,2e-4
TEN,LOWFI/1,12,46,0.0046
TEN,LOWFI/1,12.5,1,1e-4
TEN,LOWFI/1,13,8,8e-4
TEN,LOWFI/1,14,2,2e-4
WAS,LOWFI/0,0,67,0.0067
WAS,LOWFI/0,0.5,4,4e-4
WAS,LOWFI/0,1,267,0.0267
WAS,LOWFI/0,1.5,6,6e-4
WAS,LOWFI/0,2,562,0.0562
WAS,LOWFI/0,2.5,18,0.0018
WAS,LOWFI/0,3,923,0.0923
WAS,LOWFI/0,3.5,30,0.003
WAS,LOWFI/0,4,1179,0.1179
WAS,LOWFI/0,4.5,42,0.0042
WAS,LOWFI/0,5,1403,0.1403
WAS,LOWFI/0,5.5,61,0.0061
WAS,LOWFI/0,6,1421,0.1421
WAS,LOWFI/0,6.5,47,0.0047
WAS,LOWFI/0,7,1271,0.1271
WAS,LOWFI/0,7.5,44,0.0044
WAS,LOWFI/0,8,1002,0.1002
WAS,LOWFI/0,8.5,32,0.0032
WAS,LOWFI/0,9,723,0.0723
WAS,LOWFI/0,9.5,19,0.0019
WAS,LOWFI/0,10,458,0.0458
WAS,LOWFI/0,10.5,8,8e-4
WAS,LOWFI/0,11,243,0.0243
WAS,LOWFI/0,11.5,6,6e-4
WAS,LOWFI/0,12,115,0.0115
WAS,LOWFI/0,12.5,3,3e-4
WAS,LOWFI/0,13,31,0.0031
WAS,LOWFI/0,14,13,0.0013
WAS,LOWFI/0,15,2,2e-4
WAS,LOWFI/1,0,9,9e-4
WAS,LOWFI/1,0.5,1,1e-4
WAS,LOWFI/1,1,68,0.0068
WAS,LOWFI/1,1.5,1,1e-4
WAS,LOWFI/1,2,249,0.0249
WAS,LOWFI/1,2.5,14,0.0014
WAS,LOWFI/1,3,561,0.0561
WAS,LOWFI/1,3.5,26,0.0026
WAS,LOWFI/1,4,935,0.0935
WAS,LOWFI/1,4.5,30,0.003
WAS,LOWFI/1,5,1303,0.1303
WAS,LOWFI/1,5.5,57,0.0057
WAS,LOWFI/1,6,1621,0.1621
WAS,LOWFI/1,6.5,67,0.0067
WAS,LOWFI/1,7,1592,0.1592
WAS,LOWFI/1,7.5,62,0.0062
WAS,LOWFI/1,8,1395,0.1395
WAS,LOWFI/1,8.5,47,0.0047
WAS,LOWFI/1,9,917,0.0917
WAS,LOWFI/1,9.5,27,0.0027
WAS,LOWFI/1,10,544,0.0544
WAS,LOWFI/1,10.5,11,0.0011
WAS,LOWFI/1,11,298,0.0298
WAS,LOWFI/1,11.5,8,8e-4
WAS,LOWFI/1,12,106,0.0106
WAS,LOWFI/1,13,40,0.004
WAS,LOWFI/1,13.5,1,1e-4
WAS,LOWFI/1,14,9,9e-4
WAS,LOWFI/1,15,1,1e-4
