game_id,team_home,team_away,m0_margin,p_home_m0
2026_05_DET_ARI,ARI,DET,-2.232712635709929,0.4337172780227289
2026_05_BAL_ATL,ATL,BAL,0.3145146669705955,0.5079193542547717
2026_05_TB_DAL,DAL,TB,5.97133549140781,0.6734369588924825
2026_05_CHI_GB,GB,CHI,-1.6245446889281572,0.4558529939301784
2026_05_PHI_JAX,JAX,PHI,5.867357650251281,0.6666736911183797
2026_05_BUF_LA,LA,BUF,0.7029700565376548,0.5228095386666679
2026_05_DEN_LAC,LAC,DEN,-4.467146850423217,0.3688083200916031
2026_05_CIN_MIA,MIA,CIN,-1.8503888669984352,0.448455702239243
2026_05_LV_NE,NE,LV,6.67656321101795,0.6933802453979339
2026_05_MIN_NO,NO,MIN,-5.488208122698215,0.3410059440984021
2026_05_CLE_NYJ,NYJ,CLE,-3.023365332438138,0.4117875697071079
2026_05_IND_PIT,PIT,IND,3.539118589501328,0.6035911466090081
2026_05_SF_SEA,SEA,SF,0.9925111481068704,0.5302440048590369
2026_05_HOU_TEN,TEN,HOU,-2.0946406147740726,0.4410762888650432
2026_05_NYG_WAS,WAS,NYG,-0.85187324904602,0.4781266334930185
