team,week,group,.pred,intercept,total,side
ARI,5,Defenses faced,-1.5231574222288495,-4.5037327592969885e-4,0.16715993127275175,offense
ARI,5,"Last season, by week",-1.5231574222288495,-4.5037327592969885e-4,-0.02517044779978097,offense
ARI,5,Last season: net,-1.5231574222288495,-4.5037327592969885e-4,-0.2113973447109623,offense
ARI,5,Last season: offense,-1.5231574222288495,-4.5037327592969885e-4,0.0398681331133621,offense
ARI,5,"Market, by week",-1.5231574222288495,-4.5037327592969885e-4,-0.40892345410566544,offense
ARI,5,Market: net,-1.5231574222288495,-4.5037327592969885e-4,3.9744929918186616,offense
ARI,5,Market: offense,-1.5231574222288495,-4.5037327592969885e-4,-4.347911010865783,offense
ARI,5,Points scored,-1.5231574222288495,-4.5037327592969885e-4,-0.508590236260907,offense
ARI,5,"Points scored, by week",-1.5231574222288495,-4.5037327592969885e-4,0.15729112420144034,offense
ARI,5,Recent scoring,-1.5231574222288495,-4.5037327592969885e-4,-0.4631921705977629,offense
ARI,5,Schedule difficulty,-1.5231574222288495,-4.5037327592969885e-4,0.10366543498172616,offense
ATL,5,Defenses faced,-1.0608550734167843,-4.5037327592969885e-4,-0.05867812732464927,offense
ATL,5,"Last season, by week",-1.0608550734167843,-4.5037327592969885e-4,-0.02137256133641761,offense
ATL,5,Last season: net,-1.0608550734167843,-4.5037327592969885e-4,-0.03160456325333991,offense
ATL,5,Last season: offense,-1.0608550734167843,-4.5037327592969885e-4,0.114731637926925,offense
ATL,5,"Market, by week",-1.0608550734167843,-4.5037327592969885e-4,-0.2123472506778075,offense
ATL,5,Market: net,-1.0608550734167843,-4.5037327592969885e-4,0.5045147923805964,offense
ATL,5,Market: offense,-1.0608550734167843,-4.5037327592969885e-4,-1.1513141750786846,offense
ATL,5,Points scored,-1.0608550734167843,-4.5037327592969885e-4,0.4652807899471642,offense
ATL,5,"Points scored, by week",-1.0608550734167843,-4.5037327592969885e-4,-0.1263319048222708,offense
ATL,5,Recent scoring,-1.0608550734167843,-4.5037327592969885e-4,-0.5517920052408155,offense
ATL,5,Schedule difficulty,-1.0608550734167843,-4.5037327592969885e-4,0.00850866733844508,offense
BAL,5,Defenses faced,2.705579441873319,-4.5037327592969885e-4,0.4178660246221544,offense
BAL,5,"Last season, by week",2.705579441873319,-4.5037327592969885e-4,-0.01791997388385905,offense
BAL,5,Last season: net,2.705579441873319,-4.5037327592969885e-4,0.25471299047227175,offense
BAL,5,Last season: offense,2.705579441873319,-4.5037327592969885e-4,-0.5386280973279253,offense
BAL,5,"Market, by week",2.705579441873319,-4.5037327592969885e-4,0.2732662271231173,offense
BAL,5,Market: net,2.705579441873319,-4.5037327592969885e-4,-1.286778145529104,offense
BAL,5,Market: offense,2.705579441873319,-4.5037327592969885e-4,2.1155887464043466,offense
BAL,5,Points scored,2.705579441873319,-4.5037327592969885e-4,2.6402513374487695,offense
BAL,5,"Points scored, by week",2.705579441873319,-4.5037327592969885e-4,-0.709222929863795,offense
BAL,5,Recent scoring,2.705579441873319,-4.5037327592969885e-4,-0.29581705317965573,offense
BAL,5,Schedule difficulty,2.705579441873319,-4.5037327592969885e-4,-0.14728931113707236,offense
BUF,5,Defenses faced,3.899120991564656,-4.5037327592969885e-4,0.4387728369395632,offense
BUF,5,"Last season, by week",3.899120991564656,-4.5037327592969885e-4,0.01370266466782253,offense
BUF,5,Last season: net,3.899120991564656,-4.5037327592969885e-4,0.123291871692654,offense
BUF,5,Last season: offense,3.899120991564656,-4.5037327592969885e-4,-0.6242839211672385,offense
BUF,5,"Market, by week",3.899120991564656,-4.5037327592969885e-4,0.3165620607430645,offense
BUF,5,Market: net,3.899120991564656,-4.5037327592969885e-4,-1.2754789278408625,offense
BUF,5,Market: offense,3.899120991564656,-4.5037327592969885e-4,2.1741715312822025,offense
BUF,5,Points scored,3.899120991564656,-4.5037327592969885e-4,3.838903355248543,offense
BUF,5,"Points scored, by week",3.899120991564656,-4.5037327592969885e-4,-0.9577184620500284,offense
BUF,5,Recent scoring,3.899120991564656,-4.5037327592969885e-4,-0.3049911508436222,offense
BUF,5,Schedule difficulty,3.899120991564656,-4.5037327592969885e-4,0.15663950616848715,offense
CAR,6,Defenses faced,1.487119164554897,-4.5037327592969885e-4,0.3686996082576685,offense
CAR,6,"Last season, by week",1.487119164554897,-4.5037327592969885e-4,0.01406032453419961,offense
CAR,6,Last season: net,1.487119164554897,-4.5037327592969885e-4,-0.15398944203566234,offense
CAR,6,Last season: offense,1.487119164554897,-4.5037327592969885e-4,0.6432660661386083,offense
CAR,6,"Market, by week",1.487119164554897,-4.5037327592969885e-4,-0.14675685657010465,offense
CAR,6,Market: net,1.487119164554897,-4.5037327592969885e-4,1.0494831300739145,offense
CAR,6,Market: offense,1.487119164554897,-4.5037327592969885e-4,-2.706796716906523,offense
CAR,6,Points scored,1.487119164554897,-4.5037327592969885e-4,3.187509844344097,offense
CAR,6,"Points scored, by week",1.487119164554897,-4.5037327592969885e-4,-0.42704076071684544,offense
CAR,6,Recent scoring,1.487119164554897,-4.5037327592969885e-4,-0.30378363273536013,offense
CAR,6,Schedule difficulty,1.487119164554897,-4.5037327592969885e-4,-0.03708202655316585,offense
CHI,5,Defenses faced,3.6221655132189334,-4.5037327592969885e-4,0.5120263064618663,offense
CHI,5,"Last season, by week",3.6221655132189334,-4.5037327592969885e-4,-0.0096388090912036,offense
CHI,5,Last season: net,3.6221655132189334,-4.5037327592969885e-4,0.25812856086709074,offense
CHI,5,Last season: offense,3.6221655132189334,-4.5037327592969885e-4,-0.6377548089961409,offense
CHI,5,"Market, by week",3.6221655132189334,-4.5037327592969885e-4,0.14616020905827462,offense
CHI,5,Market: net,3.6221655132189334,-4.5037327592969885e-4,-0.563171428584957,offense
CHI,5,Market: offense,3.6221655132189334,-4.5037327592969885e-4,1.3860136523988993,offense
CHI,5,Points scored,3.6221655132189334,-4.5037327592969885e-4,2.20161877662265,offense
CHI,5,"Points scored, by week",3.6221655132189334,-4.5037327592969885e-4,-0.6032572823001533,offense
CHI,5,Recent scoring,3.6221655132189334,-4.5037327592969885e-4,0.9621603711013814,offense
CHI,5,Schedule difficulty,3.6221655132189334,-4.5037327592969885e-4,-0.02966966104284442,offense
CIN,5,Defenses faced,1.2678615850342745,-4.5037327592969885e-4,0.5084922659184631,offense
CIN,5,"Last season, by week",1.2678615850342745,-4.5037327592969885e-4,-0.02264752912693498,offense
CIN,5,Last season: net,1.2678615850342745,-4.5037327592969885e-4,-0.1016745987595639,offense
CIN,5,Last season: offense,1.2678615850342745,-4.5037327592969885e-4,-0.4438690017368038,offense
CIN,5,"Market, by week",1.2678615850342745,-4.5037327592969885e-4,0.16647386488105873,offense
CIN,5,Market: net,1.2678615850342745,-4.5037327592969885e-4,-0.49140358560477626,offense
CIN,5,Market: offense,1.2678615850342745,-4.5037327592969885e-4,1.5422525662395197,offense
CIN,5,Points scored,1.2678615850342745,-4.5037327592969885e-4,0.5729422720327586,offense
CIN,5,"Points scored, by week",1.2678615850342745,-4.5037327592969885e-4,-0.15766800597744102,offense
CIN,5,Recent scoring,1.2678615850342745,-4.5037327592969885e-4,-0.3756611735405869,offense
CIN,5,Schedule difficulty,1.2678615850342745,-4.5037327592969885e-4,0.07107488398451105,offense
CLE,5,Defenses faced,-2.290554474086854,-4.5037327592969885e-4,0.2775883115342976,offense
CLE,5,"Last season, by week",-2.290554474086854,-4.5037327592969885e-4,0.07599154820666947,offense
CLE,5,Last season: net,-2.290554474086854,-4.5037327592969885e-4,-0.30757995509359776,offense
CLE,5,Last season: offense,-2.290554474086854,-4.5037327592969885e-4,1.5234273248102566,offense
CLE,5,"Market, by week",-2.290554474086854,-4.5037327592969885e-4,-0.3911055603312938,offense
CLE,5,Market: net,-2.290554474086854,-4.5037327592969885e-4,1.8995558816413551,offense
CLE,5,Market: offense,-2.290554474086854,-4.5037327592969885e-4,-4.07582328281495,offense
CLE,5,Points scored,-2.290554474086854,-4.5037327592969885e-4,-1.1701783050349457,offense
CLE,5,"Points scored, by week",-2.290554474086854,-4.5037327592969885e-4,0.3431255202579729,offense
CLE,5,Recent scoring,-2.290554474086854,-4.5037327592969885e-4,-0.4593865820873933,offense
CLE,5,Schedule difficulty,-2.290554474086854,-4.5037327592969885e-4,-0.00571900189929568,offense
DAL,5,Defenses faced,3.2405957885124677,-4.5037327592969885e-4,0.4446649228952768,offense
DAL,5,"Last season, by week",3.2405957885124677,-4.5037327592969885e-4,0.00875063703514063,offense
DAL,5,Last season: net,3.2405957885124677,-4.5037327592969885e-4,0.1005797637028078,offense
DAL,5,Last season: offense,3.2405957885124677,-4.5037327592969885e-4,-0.6594983644273007,offense
DAL,5,"Market, by week",3.2405957885124677,-4.5037327592969885e-4,0.1793970275002127,offense
DAL,5,Market: net,3.2405957885124677,-4.5037327592969885e-4,-0.440072960331291,offense
DAL,5,Market: offense,3.2405957885124677,-4.5037327592969885e-4,1.6367852452658207,offense
DAL,5,Points scored,3.2405957885124677,-4.5037327592969885e-4,3.296593446345143,offense
DAL,5,"Points scored, by week",3.2405957885124677,-4.5037327592969885e-4,-0.8531765498710642,offense
DAL,5,Recent scoring,3.2405957885124677,-4.5037327592969885e-4,-0.4837657383224605,offense
DAL,5,Schedule difficulty,3.2405957885124677,-4.5037327592969885e-4,0.01078873199611196,offense
DEN,5,Defenses faced,-1.3899743546040126,-4.5037327592969885e-4,0.2824486074099367,offense
DEN,5,"Last season, by week",-1.3899743546040126,-4.5037327592969885e-4,-0.02792639382580463,offense
DEN,5,Last season: net,-1.3899743546040126,-4.5037327592969885e-4,0.18309978970270635,offense
DEN,5,Last season: offense,-1.3899743546040126,-4.5037327592969885e-4,-0.2555024471228524,offense
DEN,5,"Market, by week",-1.3899743546040126,-4.5037327592969885e-4,0.06190878676702256,offense
DEN,5,Market: net,-1.3899743546040126,-4.5037327592969885e-4,-0.6561925046046666,offense
DEN,5,Market: offense,-1.3899743546040126,-4.5037327592969885e-4,0.7348722261271372,offense
DEN,5,Points scored,-1.3899743546040126,-4.5037327592969885e-4,-1.96162737276857,offense
DEN,5,"Points scored, by week",-1.3899743546040126,-4.5037327592969885e-4,0.549911680353492,offense
DEN,5,Recent scoring,-1.3899743546040126,-4.5037327592969885e-4,-0.4650799707170047,offense
DEN,5,Schedule difficulty,-1.3899743546040126,-4.5037327592969885e-4,0.16456361735052083,offense
DET,5,Defenses faced,2.918024030606773,-4.5037327592969885e-4,0.43063647156241774,offense
DET,5,"Last season, by week",2.918024030606773,-4.5037327592969885e-4,0.01558719515873785,offense
DET,5,Last season: net,2.918024030606773,-4.5037327592969885e-4,0.12562273046661446,offense
DET,5,Last season: offense,2.918024030606773,-4.5037327592969885e-4,-0.6059754834641384,offense
DET,5,"Market, by week",2.918024030606773,-4.5037327592969885e-4,0.33877411361832666,offense
DET,5,Market: net,2.918024030606773,-4.5037327592969885e-4,-1.2753234008560226,offense
DET,5,Market: offense,2.918024030606773,-4.5037327592969885e-4,2.160550009355695,offense
DET,5,Points scored,2.918024030606773,-4.5037327592969885e-4,2.968905398916073,offense
DET,5,"Points scored, by week",2.918024030606773,-4.5037327592969885e-4,-0.7836019023481589,offense
DET,5,Recent scoring,2.918024030606773,-4.5037327592969885e-4,-0.36027095374402157,offense
DET,5,Schedule difficulty,2.918024030606773,-4.5037327592969885e-4,-0.09642977478282076,offense
GB,5,Defenses faced,-1.1014088886228648,-4.5037327592969885e-4,0.5120263064618663,offense
GB,5,"Last season, by week",-1.1014088886228648,-4.5037327592969885e-4,-0.02878851906042645,offense
GB,5,Last season: net,-1.1014088886228648,-4.5037327592969885e-4,0.26427858428263407,offense
GB,5,Last season: offense,-1.1014088886228648,-4.5037327592969885e-4,-0.16251798492127464,offense
GB,5,"Market, by week",-1.1014088886228648,-4.5037327592969885e-4,0.14682005627060282,offense
GB,5,Market: net,-1.1014088886228648,-4.5037327592969885e-4,-1.0464940903378308,offense
GB,5,Market: offense,-1.1014088886228648,-4.5037327592969885e-4,1.3911967021469254,offense
GB,5,Points scored,-1.1014088886228648,-4.5037327592969885e-4,-2.075320367801193,offense
GB,5,"Points scored, by week",-1.1014088886228648,-4.5037327592969885e-4,0.5781947343571738,offense
GB,5,Recent scoring,-1.1014088886228648,-4.5037327592969885e-4,-0.5717404528620801,offense
GB,5,Schedule difficulty,-1.1014088886228648,-4.5037327592969885e-4,-0.10861348388333206,offense
HOU,5,Defenses faced,-1.233519459547815,-4.5037327592969885e-4,0.16476688872536277,offense
HOU,5,"Last season, by week",-1.233519459547815,-4.5037327592969885e-4,-0.02445980278104517,offense
HOU,5,Last season: net,-1.233519459547815,-4.5037327592969885e-4,0.13763970410036153,offense
HOU,5,Last season: offense,-1.233519459547815,-4.5037327592969885e-4,-0.3953568734207926,offense
HOU,5,"Market, by week",-1.233519459547815,-4.5037327592969885e-4,0.05904489486342835,offense
HOU,5,Market: net,-1.233519459547815,-4.5037327592969885e-4,-0.8040264584426725,offense
HOU,5,Market: offense,-1.233519459547815,-4.5037327592969885e-4,0.7149356377803427,offense
HOU,5,Points scored,-1.233519459547815,-4.5037327592969885e-4,-0.8375934715612402,offense
HOU,5,"Points scored, by week",-1.233519459547815,-4.5037327592969885e-4,0.2508965152029511,offense
HOU,5,Recent scoring,-1.233519459547815,-4.5037327592969885e-4,-0.4205680207686103,offense
HOU,5,Schedule difficulty,-1.233519459547815,-4.5037327592969885e-4,-0.0783480999699709,offense
IND,5,Defenses faced,1.0071451568518974,-4.5037327592969885e-4,0.4830602082334506,offense
IND,5,"Last season, by week",1.0071451568518974,-4.5037327592969885e-4,0.01317172977229868,offense
IND,5,Last season: net,1.0071451568518974,-4.5037327592969885e-4,0.13518857413048738,offense
IND,5,Last season: offense,1.0071451568518974,-4.5037327592969885e-4,-0.6289368886385525,offense
IND,5,"Market, by week",1.0071451568518974,-4.5037327592969885e-4,0.08742212635810069,offense
IND,5,Market: net,1.0071451568518974,-4.5037327592969885e-4,-0.4409262548569453,offense
IND,5,Market: offense,1.0071451568518974,-4.5037327592969885e-4,0.921962737490202,offense
IND,5,Points scored,1.0071451568518974,-4.5037327592969885e-4,1.1119301503557404,offense
IND,5,"Points scored, by week",1.0071451568518974,-4.5037327592969885e-4,-0.3123015111943095,offense
IND,5,Recent scoring,1.0071451568518974,-4.5037327592969885e-4,-0.4799111571568657,offense
IND,5,Schedule difficulty,1.0071451568518974,-4.5037327592969885e-4,0.11693581563422036,offense
JAX,5,Defenses faced,1.5126655768969433,-4.5037327592969885e-4,0.5122368079980946,offense
JAX,5,"Last season, by week",1.5126655768969433,-4.5037327592969885e-4,0.01246110666091655,offense
JAX,5,Last season: net,1.5126655768969433,-4.5037327592969885e-4,0.20100217019908848,offense
JAX,5,Last season: offense,1.5126655768969433,-4.5037327592969885e-4,-0.6348263630038063,offense
JAX,5,"Market, by week",1.5126655768969433,-4.5037327592969885e-4,0.15879247711979622,offense
JAX,5,Market: net,1.5126655768969433,-4.5037327592969885e-4,-0.854054059987643,offense
JAX,5,Market: offense,1.5126655768969433,-4.5037327592969885e-4,1.4840893574457,offense
JAX,5,Points scored,1.5126655768969433,-4.5037327592969885e-4,1.3284202001883438,offense
JAX,5,"Points scored, by week",1.5126655768969433,-4.5037327592969885e-4,-0.3728227553153252,offense
JAX,5,Recent scoring,1.5126655768969433,-4.5037327592969885e-4,-0.3460289313741655,offense
JAX,5,Schedule difficulty,1.5126655768969433,-4.5037327592969885e-4,0.02384594024187361,offense
KC,6,Defenses faced,2.5371632834706626,-4.5037327592969885e-4,0.1840840414494889,offense
KC,6,"Last season, by week",2.5371632834706626,-4.5037327592969885e-4,-0.01839858887533389,offense
KC,6,Last season: net,2.5371632834706626,-4.5037327592969885e-4,0.2653042053203102,offense
KC,6,Last season: offense,2.5371632834706626,-4.5037327592969885e-4,0.06234726094339621,offense
KC,6,"Market, by week",2.5371632834706626,-4.5037327592969885e-4,0.05181869147568751,offense
KC,6,Market: net,2.5371632834706626,-4.5037327592969885e-4,-1.0585330433056162,offense
KC,6,Market: offense,2.5371632834706626,-4.5037327592969885e-4,1.0921867328685129,offense
KC,6,Points scored,2.5371632834706626,-4.5037327592969885e-4,2.859430650187702,offense
KC,6,"Points scored, by week",2.5371632834706626,-4.5037327592969885e-4,-0.40269434875690535,offense
KC,6,Recent scoring,2.5371632834706626,-4.5037327592969885e-4,-0.3617490145568635,offense
KC,6,Schedule difficulty,2.5371632834706626,-4.5037327592969885e-4,-0.1361829300037872,offense
LA,5,Defenses faced,1.1866279848264176,-4.5037327592969885e-4,0.5064681461687459,offense
LA,5,"Last season, by week",1.1866279848264176,-4.5037327592969885e-4,0.03605813721652618,offense
LA,5,Last season: net,1.1866279848264176,-4.5037327592969885e-4,0.15340808606981596,offense
LA,5,Last season: offense,1.1866279848264176,-4.5037327592969885e-4,-0.1384058711915966,offense
LA,5,"Market, by week",1.1866279848264176,-4.5037327592969885e-4,0.37479498180518817,offense
LA,5,Market: net,1.1866279848264176,-4.5037327592969885e-4,-0.9142501971441592,offense
LA,5,Market: offense,1.1866279848264176,-4.5037327592969885e-4,2.077437291000854,offense
LA,5,Points scored,1.1866279848264176,-4.5037327592969885e-4,-0.7275690101670378,offense
LA,5,"Points scored, by week",1.1866279848264176,-4.5037327592969885e-4,0.2198207291858361,offense
LA,5,Recent scoring,1.1866279848264176,-4.5037327592969885e-4,-0.4915448842698425,offense
LA,5,Schedule difficulty,1.1866279848264176,-4.5037327592969885e-4,0.09086094942801712,offense
LAC,5,Defenses faced,-1.5156123992957948,-4.5037327592969885e-4,0.5134314575892859,offense
LAC,5,"Last season, by week",-1.5156123992957948,-4.5037327592969885e-4,-0.02722218220459007,offense
LAC,5,Last season: net,-1.5156123992957948,-4.5037327592969885e-4,0.25716536984170085,offense
LAC,5,Last season: offense,-1.5156123992957948,-4.5037327592969885e-4,-0.02068034084079257,offense
LAC,5,"Market, by week",-1.5156123992957948,-4.5037327592969885e-4,0.11173730870431368,offense
LAC,5,Market: net,-1.5156123992957948,-4.5037327592969885e-4,-0.9073246949622408,offense
LAC,5,Market: offense,-1.5156123992957948,-4.5037327592969885e-4,1.1119234193671863,offense
LAC,5,Points scored,-1.5156123992957948,-4.5037327592969885e-4,-2.7476283252215654,offense
LAC,5,"Points scored, by week",-1.5156123992957948,-4.5037327592969885e-4,0.7393107938763689,offense
LAC,5,Recent scoring,-1.5156123992957948,-4.5037327592969885e-4,-0.4797922975624906,offense
LAC,5,Schedule difficulty,-1.5156123992957948,-4.5037327592969885e-4,-0.06608253460704146,offense
LV,5,Defenses faced,0.9149329315371864,-4.5037327592969885e-4,0.4976278981142541,offense
LV,5,"Last season, by week",0.9149329315371864,-4.5037327592969885e-4,0.10437199609721068,offense
LV,5,Last season: net,0.9149329315371864,-4.5037327592969885e-4,-0.9056164695467372,offense
LV,5,Last season: offense,0.9149329315371864,-4.5037327592969885e-4,1.9961836093404632,offense
LV,5,"Market, by week",0.9149329315371864,-4.5037327592969885e-4,-0.5141465236025556,offense
LV,5,Market: net,0.9149329315371864,-4.5037327592969885e-4,4.046328483644344,offense
LV,5,Market: offense,0.9149329315371864,-4.5037327592969885e-4,-5.746840000456332,offense
LV,5,Points scored,0.9149329315371864,-4.5037327592969885e-4,2.5305928681368153,offense
LV,5,"Points scored, by week",0.9149329315371864,-4.5037327592969885e-4,-0.6834207922207608,offense
LV,5,Recent scoring,0.9149329315371864,-4.5037327592969885e-4,-0.42017881897255355,offense
LV,5,Schedule difficulty,0.9149329315371864,-4.5037327592969885e-4,0.01048105427896744,offense
MIA,5,Defenses faced,-5.090196606562998,-4.5037327592969885e-4,0.22448239660875255,offense
MIA,5,"Last season, by week",-5.090196606562998,-4.5037327592969885e-4,-0.00929263099436774,offense
MIA,5,Last season: net,-5.090196606562998,-4.5037327592969885e-4,-0.21663351283905571,offense
MIA,5,Last season: offense,-5.090196606562998,-4.5037327592969885e-4,0.28313524596944806,offense
MIA,5,"Market, by week",-5.090196606562998,-4.5037327592969885e-4,-0.45841414086098503,offense
MIA,5,Market: net,-5.090196606562998,-4.5037327592969885e-4,4.0489629951387665,offense
MIA,5,Market: offense,-5.090196606562998,-4.5037327592969885e-4,-5.044639812715561,offense
MIA,5,Points scored,-5.090196606562998,-4.5037327592969885e-4,-4.623752132867459,offense
MIA,5,"Points scored, by week",-5.090196606562998,-4.5037327592969885e-4,1.13393212673899,offense
MIA,5,Recent scoring,-5.090196606562998,-4.5037327592969885e-4,-0.4795531366301599,offense
MIA,5,Schedule difficulty,-5.090196606562998,-4.5037327592969885e-4,0.05202636916456384,offense
MIN,5,Defenses faced,-1.232839877985905,-4.5037327592969885e-4,0.13282145628059175,offense
MIN,5,"Last season, by week",-1.232839877985905,-4.5037327592969885e-4,-0.01199096476639753,offense
MIN,5,Last season: net,-1.232839877985905,-4.5037327592969885e-4,0.247896177049668,offense
MIN,5,Last season: offense,-1.232839877985905,-4.5037327592969885e-4,0.24859190492843244,offense
MIN,5,"Market, by week",-1.232839877985905,-4.5037327592969885e-4,-0.1480960586182151,offense
MIN,5,Market: net,-1.232839877985905,-4.5037327592969885e-4,-0.4584602932902024,offense
MIN,5,Market: offense,-1.232839877985905,-4.5037327592969885e-4,-0.4467043812076575,offense
MIN,5,Points scored,-1.232839877985905,-4.5037327592969885e-4,-0.6179115748315527,offense
MIN,5,"Points scored, by week",-1.232839877985905,-4.5037327592969885e-4,0.188612201988221,offense
MIN,5,Recent scoring,-1.232839877985905,-4.5037327592969885e-4,-0.3205600487934182,offense
MIN,5,Schedule difficulty,-1.232839877985905,-4.5037327592969885e-4,-0.0465879234494458,offense
NE,5,Defenses faced,-1.6284086989491848,-4.5037327592969885e-4,0.47118061274591955,offense
NE,5,"Last season, by week",-1.6284086989491848,-4.5037327592969885e-4,0.00967503625285149,offense
NE,5,Last season: net,-1.6284086989491848,-4.5037327592969885e-4,0.16527659090423763,offense
NE,5,Last season: offense,-1.6284086989491848,-4.5037327592969885e-4,-0.6542867791769806,offense
NE,5,"Market, by week",-1.6284086989491848,-4.5037327592969885e-4,0.20956614630677584,offense
NE,5,Market: net,-1.6284086989491848,-4.5037327592969885e-4,-1.1253391006825657,offense
NE,5,Market: offense,-1.6284086989491848,-4.5037327592969885e-4,1.8357679814080456,offense
NE,5,Points scored,-1.6284086989491848,-4.5037327592969885e-4,-2.9647077538971147,offense
NE,5,"Points scored, by week",-1.6284086989491848,-4.5037327592969885e-4,0.7892621387611171,offense
NE,5,Recent scoring,-1.6284086989491848,-4.5037327592969885e-4,-0.48228419929427135,offense
NE,5,Schedule difficulty,-1.6284086989491848,-4.5037327592969885e-4,0.11793100099872952,offense
NO,5,Defenses faced,0.05971113975477535,-4.5037327592969885e-4,0.5098242395602403,offense
NO,5,"Last season, by week",0.05971113975477535,-4.5037327592969885e-4,0.02767732072289304,offense
NO,5,Last season: net,0.05971113975477535,-4.5037327592969885e-4,-0.2142277554200025,offense
NO,5,Last season: offense,0.05971113975477535,-4.5037327592969885e-4,0.7730376742051872,offense
NO,5,"Market, by week",0.05971113975477535,-4.5037327592969885e-4,-0.2538352803755597,offense
NO,5,Market: net,0.05971113975477535,-4.5037327592969885e-4,0.39009546250566635,offense
NO,5,Market: offense,0.05971113975477535,-4.5037327592969885e-4,-1.7677419010782291,offense
NO,5,Points scored,0.05971113975477535,-4.5037327592969885e-4,1.436977985376896,offense
NO,5,"Points scored, by week",0.05971113975477535,-4.5037327592969885e-4,-0.4027171525892752,offense
NO,5,Recent scoring,0.05971113975477535,-4.5037327592969885e-4,-0.4012670799884744,offense
NO,5,Schedule difficulty,0.05971113975477535,-4.5037327592969885e-4,-0.03766199988863686,offense
NYG,5,Defenses faced,-1.5000928209726632,-4.5037327592969885e-4,0.3785198834878543,offense
NYG,5,"Last season, by week",-1.5000928209726632,-4.5037327592969885e-4,-0.02876776355155961,offense
NYG,5,Last season: net,-1.5000928209726632,-4.5037327592969885e-4,-0.03032669563973049,offense
NYG,5,Last season: offense,-1.5000928209726632,-4.5037327592969885e-4,-0.1281074180953478,offense
NYG,5,"Market, by week",-1.5000928209726632,-4.5037327592969885e-4,-0.1304586820561827,offense
NYG,5,Market: net,-1.5000928209726632,-4.5037327592969885e-4,0.10679145113040855,offense
NYG,5,Market: offense,-1.5000928209726632,-4.5037327592969885e-4,-0.3088334233884772,offense
NYG,5,Points scored,-1.5000928209726632,-4.5037327592969885e-4,-1.058867189701315,offense
NYG,5,"Points scored, by week",-1.5000928209726632,-4.5037327592969885e-4,0.3125691013303518,offense
NYG,5,Recent scoring,-1.5000928209726632,-4.5037327592969885e-4,-0.4474545450310039,offense
NYG,5,Schedule difficulty,-1.5000928209726632,-4.5037327592969885e-4,-0.16470716618173092,offense
NYJ,5,Defenses faced,-2.670193455552823,-4.5037327592969885e-4,0.1530877183735343,offense
NYJ,5,"Last season, by week",-2.670193455552823,-4.5037327592969885e-4,0.03681894303732837,offense
NYJ,5,Last season: net,-2.670193455552823,-4.5037327592969885e-4,-0.9698824324823028,offense
NYJ,5,Last season: offense,-2.670193455552823,-4.5037327592969885e-4,0.9068452427420532,offense
NYJ,5,"Market, by week",-2.670193455552823,-4.5037327592969885e-4,-0.42305885274780286,offense
NYJ,5,Market: net,-2.670193455552823,-4.5037327592969885e-4,3.9616818710511903,offense
NYJ,5,Market: offense,-2.670193455552823,-4.5037327592969885e-4,-4.555494788739919,offense
NYJ,5,Points scored,-2.670193455552823,-4.5037327592969885e-4,-1.734060802263149,offense
NYJ,5,"Points scored, by week",-2.670193455552823,-4.5037327592969885e-4,0.4923012498819939,offense
NYJ,5,Recent scoring,-2.670193455552823,-4.5037327592969885e-4,-0.5526753784165641,offense
NYJ,5,Schedule difficulty,-2.670193455552823,-4.5037327592969885e-4,0.01469414728674402,offense
PHI,5,Defenses faced,-1.1413455983932694,-4.5037327592969885e-4,0.49548930819884096,offense
PHI,5,"Last season, by week",-1.1413455983932694,-4.5037327592969885e-4,-0.02744053313105091,offense
PHI,5,Last season: net,-1.1413455983932694,-4.5037327592969885e-4,0.2289617097843531,offense
PHI,5,Last season: offense,-1.1413455983932694,-4.5037327592969885e-4,-0.02931030243441385,offense
PHI,5,"Market, by week",-1.1413455983932694,-4.5037327592969885e-4,0.10259563924830709,offense
PHI,5,Market: net,-1.1413455983932694,-4.5037327592969885e-4,-1.0418657919306171,offense
PHI,5,Market: offense,-1.1413455983932694,-4.5037327592969885e-4,1.0396013199440466,offense
PHI,5,Points scored,-1.1413455983932694,-4.5037327592969885e-4,-1.847828755950629,offense
PHI,5,"Points scored, by week",-1.1413455983932694,-4.5037327592969885e-4,0.5212737886646546,offense
PHI,5,Recent scoring,-1.1413455983932694,-4.5037327592969885e-4,-0.5364499064810465,offense
PHI,5,Schedule difficulty,-1.1413455983932694,-4.5037327592969885e-4,-0.04592170102978406,offense
PIT,5,Defenses faced,-1.7310938344200866,-4.5037327592969885e-4,0.4613333723809009,offense
PIT,5,"Last season, by week",-1.7310938344200866,-4.5037327592969885e-4,-0.02831243381554641,offense
PIT,5,Last season: net,-1.7310938344200866,-4.5037327592969885e-4,0.2582051491571572,offense
PIT,5,Last season: offense,-1.7310938344200866,-4.5037327592969885e-4,-0.2277919429605174,offense
PIT,5,"Market, by week",-1.7310938344200866,-4.5037327592969885e-4,-0.05333305912279777,offense
PIT,5,Market: net,-1.7310938344200866,-4.5037327592969885e-4,-0.4658530902508777,offense
PIT,5,Market: offense,-1.7310938344200866,-4.5037327592969885e-4,0.11194886248553948,offense
PIT,5,Points scored,-1.7310938344200866,-4.5037327592969885e-4,-1.62045979662191,offense
PIT,5,"Points scored, by week",-1.7310938344200866,-4.5037327592969885e-4,0.46301425459684376,offense
PIT,5,Recent scoring,-1.7310938344200866,-4.5037327592969885e-4,-0.579339033916955,offense
PIT,5,Schedule difficulty,-1.7310938344200866,-4.5037327592969885e-4,-0.05005574307599347,offense
SEA,5,Defenses faced,1.9042509088210815,-4.5037327592969885e-4,0.47273797477203416,offense
SEA,5,"Last season, by week",1.9042509088210815,-4.5037327592969885e-4,0.0193961296136043,offense
SEA,5,Last season: net,1.9042509088210815,-4.5037327592969885e-4,0.16309002608496634,offense
SEA,5,Last season: offense,1.9042509088210815,-4.5037327592969885e-4,-0.5598459025996899,offense
SEA,5,"Market, by week",1.9042509088210815,-4.5037327592969885e-4,0.29298349180277183,offense
SEA,5,Market: net,1.9042509088210815,-4.5037327592969885e-4,-1.0466764758817104,offense
SEA,5,Market: offense,1.9042509088210815,-4.5037327592969885e-4,2.1561902717283057,offense
SEA,5,Points scored,1.9042509088210815,-4.5037327592969885e-4,1.436977985376896,offense
SEA,5,"Points scored, by week",1.9042509088210815,-4.5037327592969885e-4,-0.4027171525892752,offense
SEA,5,Recent scoring,1.9042509088210815,-4.5037327592969885e-4,-0.5618781190759992,offense
SEA,5,Schedule difficulty,1.9042509088210815,-4.5037327592969885e-4,-0.06555694713489273,offense
SF,5,Defenses faced,2.662937275203679,-4.5037327592969885e-4,0.4407573249851459,offense
SF,5,"Last season, by week",2.662937275203679,-4.5037327592969885e-4,-0.00650352801077811,offense
SF,5,Last season: net,2.662937275203679,-4.5037327592969885e-4,0.12480546475504456,offense
SF,5,Last season: offense,2.662937275203679,-4.5037327592969885e-4,-0.6590006086271829,offense
SF,5,"Market, by week",2.662937275203679,-4.5037327592969885e-4,0.1884263249758183,offense
SF,5,Market: net,2.662937275203679,-4.5037327592969885e-4,-1.0572038810283044,offense
SF,5,Market: offense,2.662937275203679,-4.5037327592969885e-4,1.6998584630215832,offense
SF,5,Points scored,2.662937275203679,-4.5037327592969885e-4,3.296593446345143,offense
SF,5,"Points scored, by week",2.662937275203679,-4.5037327592969885e-4,-0.8531765498710642,offense
SF,5,Recent scoring,2.662937275203679,-4.5037327592969885e-4,-0.4109842847749533,offense
SF,5,Schedule difficulty,2.662937275203679,-4.5037327592969885e-4,-0.10018452329084344,offense
TB,5,Defenses faced,-1.2512861684147392,-4.5037327592969885e-4,0.38814744731299333,offense
TB,5,"Last season, by week",-1.2512861684147392,-4.5037327592969885e-4,-0.02866579800348571,offense
TB,5,Last season: net,-1.2512861684147392,-4.5037327592969885e-4,0.15058843102442204,offense
TB,5,Last season: offense,-1.2512861684147392,-4.5037327592969885e-4,-0.19001145246073753,offense
TB,5,"Market, by week",-1.2512861684147392,-4.5037327592969885e-4,0.03108813523511646,offense
TB,5,Market: net,-1.2512861684147392,-4.5037327592969885e-4,-0.4402953944469528,offense
TB,5,Market: offense,-1.2512861684147392,-4.5037327592969885e-4,0.5334217580695553,offense
TB,5,Points scored,-1.2512861684147392,-4.5037327592969885e-4,-1.734060802263149,offense
TB,5,"Points scored, by week",-1.2512861684147392,-4.5037327592969885e-4,0.4923012498819939,offense
TB,5,Recent scoring,-1.2512861684147392,-4.5037327592969885e-4,-0.4758433430039289,offense
TB,5,Schedule difficulty,-1.2512861684147392,-4.5037327592969885e-4,0.02249397351536355,offense
TEN,5,Defenses faced,-3.533302866126067,-4.5037327592969885e-4,0.4503689009737643,offense
TEN,5,"Last season, by week",-3.533302866126067,-4.5037327592969885e-4,0.02777982451669775,offense
TEN,5,Last season: net,-3.533302866126067,-4.5037327592969885e-4,-0.517118982965548,offense
TEN,5,Last season: offense,-3.533302866126067,-4.5037327592969885e-4,0.7745103167159109,offense
TEN,5,"Market, by week",-3.533302866126067,-4.5037327592969885e-4,-0.2542752249707205,offense
TEN,5,Market: net,-3.533302866126067,-4.5037327592969885e-4,1.2788290082028166,offense
TEN,5,Market: offense,-3.533302866126067,-4.5037327592969885e-4,-1.774800381467286,offense
TEN,5,Points scored,-3.533302866126067,-4.5037327592969885e-4,-3.948368149109758,offense
TEN,5,"Points scored, by week",-3.533302866126067,-4.5037327592969885e-4,1.0035951881428118,offense
TEN,5,Recent scoring,-3.533302866126067,-4.5037327592969885e-4,-0.5331747984941066,offense
TEN,5,Schedule difficulty,-3.533302866126067,-4.5037327592969885e-4,-0.0401981943947183,offense
WAS,5,Defenses faced,-0.7997282849871655,-4.5037327592969885e-4,0.4965735567061764,offense
WAS,5,"Last season, by week",-0.7997282849871655,-4.5037327592969885e-4,-0.02235084098439862,offense
WAS,5,Last season: net,-0.7997282849871655,-4.5037327592969885e-4,-0.2023314390234717,offense
WAS,5,Last season: offense,-0.7997282849871655,-4.5037327592969885e-4,0.09773019223897406,offense
WAS,5,"Market, by week",-0.7997282849871655,-4.5037327592969885e-4,-0.1293785066097552,offense
WAS,5,Market: net,-0.7997282849871655,-4.5037327592969885e-4,0.02817844216395343,offense
WAS,5,Market: offense,-0.7997282849871655,-4.5037327592969885e-4,-0.30107217133622144,offense
WAS,5,Points scored,-0.7997282849871655,-4.5037327592969885e-4,-0.3995740651612216,offense
WAS,5,"Points scored, by week",-0.7997282849871655,-4.5037327592969885e-4,0.12587768641682354,offense
WAS,5,Recent scoring,-0.7997282849871655,-4.5037327592969885e-4,-0.5407204292256189,offense
WAS,5,Schedule difficulty,-0.7997282849871655,-4.5037327592969885e-4,0.04778966310352429,offense
ARI,5,Last season: defense,1.9481121423493617,-1.611225207600431e-4,-0.01690847807293385,defense
ARI,5,Last season: net,1.9481121423493617,-1.611225207600431e-4,-0.00768244931063477,defense
ARI,5,"Market, by week",1.9481121423493617,-1.611225207600431e-4,0.34307414620088067,defense
ARI,5,Market: defense,1.9481121423493617,-1.611225207600431e-4,0.4114124256157191,defense
ARI,5,Market: net,1.9481121423493617,-1.611225207600431e-4,0.16334899585508725,defense
ARI,5,Offenses faced,1.9481121423493617,-1.611225207600431e-4,-0.2352269138746584,defense
ARI,5,Points allowed,1.9481121423493617,-1.611225207600431e-4,1.4369430229272075,defense
ARI,5,"Points allowed, by week",1.9481121423493617,-1.611225207600431e-4,-0.7060921849888376,defense
ARI,5,Points scored,1.9481121423493617,-1.611225207600431e-4,-0.19995887472758056,defense
ARI,5,Schedule difficulty,1.9481121423493617,-1.611225207600431e-4,0.7593635752458723,defense
ATL,5,Last season: defense,0.5932367230278351,-1.611225207600431e-4,0.0996084465113448,defense
ATL,5,Last season: net,0.5932367230278351,-1.611225207600431e-4,0.02582315562672849,defense
ATL,5,"Market, by week",0.5932367230278351,-1.611225207600431e-4,0.1113144320577998,defense
ATL,5,Market: defense,0.5932367230278351,-1.611225207600431e-4,0.28508202806058774,defense
ATL,5,Market: net,0.5932367230278351,-1.611225207600431e-4,-0.0256732015654633,defense
ATL,5,Offenses faced,0.5932367230278351,-1.611225207600431e-4,-0.4707536974875388,defense
ATL,5,Points allowed,0.5932367230278351,-1.611225207600431e-4,-0.3465360201031929,defense
ATL,5,"Points allowed, by week",0.5932367230278351,-1.611225207600431e-4,0.03747246642125675,defense
ATL,5,Points scored,0.5932367230278351,-1.611225207600431e-4,-0.23343287089586423,defense
ATL,5,Schedule difficulty,0.5932367230278351,-1.611225207600431e-4,1.110493106922937,defense
BAL,5,Last season: defense,-0.15746599316704488,-1.611225207600431e-4,0.13125213798308602,defense
BAL,5,Last season: net,-0.15746599316704488,-1.611225207600431e-4,-0.10808982617295194,defense
BAL,5,"Market, by week",-0.15746599316704488,-1.611225207600431e-4,-0.12554951251329624,defense
BAL,5,Market: defense,-0.15746599316704488,-1.611225207600431e-4,-0.3664562978241141,defense
BAL,5,Market: net,-0.15746599316704488,-1.611225207600431e-4,0.05768141897468087,defense
BAL,5,Offenses faced,-0.15746599316704488,-1.611225207600431e-4,-0.39597830550430496,defense
BAL,5,Points allowed,-0.15746599316704488,-1.611225207600431e-4,-0.04218476682994804,defense
BAL,5,"Points allowed, by week",-0.15746599316704488,-1.611225207600431e-4,-0.07806564756208058,defense
BAL,5,Points scored,-0.15746599316704488,-1.611225207600431e-4,-0.28159964779393093,defense
BAL,5,Schedule difficulty,-0.15746599316704488,-1.611225207600431e-4,1.0516855765965751,defense
BUF,5,Last season: defense,0.33555822166757027,-1.611225207600431e-4,0.1884347644277641,defense
BUF,5,Last season: net,0.33555822166757027,-1.611225207600431e-4,0.11614555972548672,defense
BUF,5,"Market, by week",0.33555822166757027,-1.611225207600431e-4,-0.10422306323481068,defense
BUF,5,Market: defense,0.33555822166757027,-1.611225207600431e-4,-0.4400131607465593,defense
BUF,5,Market: net,0.33555822166757027,-1.611225207600431e-4,0.02670301841852393,defense
BUF,5,Offenses faced,0.33555822166757027,-1.611225207600431e-4,-0.23171321441815712,defense
BUF,5,Points allowed,0.33555822166757027,-1.611225207600431e-4,0.7620847003234885,defense
BUF,5,"Points allowed, by week",0.33555822166757027,-1.611225207600431e-4,-0.40529336300932967,defense
BUF,5,Points scored,0.33555822166757027,-1.611225207600431e-4,-0.29179307414549605,defense
BUF,5,Schedule difficulty,0.33555822166757027,-1.611225207600431e-4,0.7153871768474197,defense
CAR,6,Last season: defense,1.3397263142317484,-1.611225207600431e-4,0.1866185308978162,defense
CAR,6,Last season: net,1.3397263142317484,-1.611225207600431e-4,0.02879676650288818,defense
CAR,6,"Market, by week",1.3397263142317484,-1.611225207600431e-4,0.04272097082052598,defense
CAR,6,Market: defense,1.3397263142317484,-1.611225207600431e-4,0.1067913448711073,defense
CAR,6,Market: net,1.3397263142317484,-1.611225207600431e-4,-0.07296214954384088,defense
CAR,6,Offenses faced,1.3397263142317484,-1.611225207600431e-4,-0.24153524143688143,defense
CAR,6,Points allowed,1.3397263142317484,-1.611225207600431e-4,0.9019202095426384,defense
CAR,6,"Points allowed, by week",1.3397263142317484,-1.611225207600431e-4,-0.3118818883119491,defense
CAR,6,Points scored,1.3397263142317484,-1.611225207600431e-4,-0.2877028265165287,defense
CAR,6,Schedule difficulty,1.3397263142317484,-1.611225207600431e-4,0.9871217199267326,defense
CHI,5,Last season: defense,-1.3185478139168318,-1.611225207600431e-4,-0.01332497613238807,defense
CHI,5,Last season: net,-1.3185478139168318,-1.611225207600431e-4,-0.11579656536304356,defense
CHI,5,"Market, by week",-1.3185478139168318,-1.611225207600431e-4,0.0129223253218833,defense
CHI,5,Market: defense,-1.3185478139168318,-1.611225207600431e-4,0.01142914180072634,defense
CHI,5,Market: net,-1.3185478139168318,-1.611225207600431e-4,0.0664146950968205,defense
CHI,5,Offenses faced,-1.3185478139168318,-1.611225207600431e-4,-0.4748162523245869,defense
CHI,5,Points allowed,-1.3185478139168318,-1.611225207600431e-4,-2.342807275914751,defense
CHI,5,"Points allowed, by week",-1.3185478139168318,-1.611225207600431e-4,0.7104561857835815,defense
CHI,5,Points scored,-1.3185478139168318,-1.611225207600431e-4,-0.27497921427886274,defense
CHI,5,Schedule difficulty,-1.3185478139168318,-1.611225207600431e-4,1.1021152446145488,defense
CIN,5,Last season: defense,-0.13227326070752424,-1.611225207600431e-4,0.00351484748273587,defense
CIN,5,Last season: net,-0.13227326070752424,-1.611225207600431e-4,0.03675217785443598,defense
CIN,5,"Market, by week",-0.13227326070752424,-1.611225207600431e-4,0.08213096849201502,defense
CIN,5,Market: defense,-0.13227326070752424,-1.611225207600431e-4,0.1379389308379743,defense
CIN,5,Market: net,-0.13227326070752424,-1.611225207600431e-4,0.05290713148878923,defense
CIN,5,Offenses faced,-0.13227326070752424,-1.611225207600431e-4,-0.3782037739305252,defense
CIN,5,Points allowed,-0.13227326070752424,-1.611225207600431e-4,-0.8859842779395818,defense
CIN,5,"Points allowed, by week",-0.13227326070752424,-1.611225207600431e-4,0.23240229657103537,defense
CIN,5,Points scored,-0.13227326070752424,-1.611225207600431e-4,-0.23672201562304632,defense
CIN,5,Schedule difficulty,-0.13227326070752424,-1.611225207600431e-4,0.8231515765794033,defense
CLE,5,Last season: defense,0.38261228948318937,-1.611225207600431e-4,0.1972639021995078,defense
CLE,5,Last season: net,0.38261228948318937,-1.611225207600431e-4,-0.10171021857052932,defense
CLE,5,"Market, by week",0.38261228948318937,-1.611225207600431e-4,0.07796248852947359,defense
CLE,5,Market: defense,0.38261228948318937,-1.611225207600431e-4,0.12692372265453225,defense
CLE,5,Market: net,0.38261228948318937,-1.611225207600431e-4,-0.1080917072057736,defense
CLE,5,Offenses faced,0.38261228948318937,-1.611225207600431e-4,-0.48618198760384224,defense
CLE,5,Points allowed,0.38261228948318937,-1.611225207600431e-4,-0.11778771442450033,defense
CLE,5,"Points allowed, by week",0.38261228948318937,-1.611225207600431e-4,-0.04894829856833541,defense
CLE,5,Points scored,0.38261228948318937,-1.611225207600431e-4,-0.1744656568516714,defense
CLE,5,Schedule difficulty,0.38261228948318937,-1.611225207600431e-4,1.017808881845088,defense
DAL,5,Last season: defense,1.5072930739210004,-1.611225207600431e-4,-0.16722667988726553,defense
DAL,5,Last season: net,1.5072930739210004,-1.611225207600431e-4,-0.03518954236476543,defense
DAL,5,"Market, by week",1.5072930739210004,-1.611225207600431e-4,0.20006682667543965,defense
DAL,5,Market: defense,1.5072930739210004,-1.611225207600431e-4,0.6971073773968565,defense
DAL,5,Market: net,1.5072930739210004,-1.611225207600431e-4,0.03611316515076987,defense
DAL,5,Offenses faced,1.5072930739210004,-1.611225207600431e-4,-0.3629806325362769,defense
DAL,5,Points allowed,1.5072930739210004,-1.611225207600431e-4,1.1073208229012697,defense
DAL,5,"Points allowed, by week",1.5072930739210004,-1.611225207600431e-4,-0.5559657716904531,defense
DAL,5,Points scored,1.5072930739210004,-1.611225207600431e-4,-0.28863093903900433,defense
DAL,5,Schedule difficulty,1.5072930739210004,-1.611225207600431e-4,0.8768395698351901,defense
DEN,5,Last season: defense,-0.6505231422638751,-1.611225207600431e-4,-0.16143353142712102,defense
DEN,5,Last season: net,-0.6505231422638751,-1.611225207600431e-4,0.02326085259785366,defense
DEN,5,"Market, by week",-0.6505231422638751,-1.611225207600431e-4,-0.13659628213183236,defense
DEN,5,Market: defense,-0.6505231422638751,-1.611225207600431e-4,-0.31983399176233,defense
DEN,5,Market: net,-0.6505231422638751,-1.611225207600431e-4,0.080186636358613,defense
DEN,5,Offenses faced,-0.6505231422638751,-1.611225207600431e-4,-0.4757499224864002,defense
DEN,5,Points allowed,-0.6505231422638751,-1.611225207600431e-4,-0.1937334068457132,defense
DEN,5,"Points allowed, by week",-0.6505231422638751,-1.611225207600431e-4,-0.01997948197644625,defense
DEN,5,Points scored,-0.6505231422638751,-1.611225207600431e-4,-0.14256939122399215,defense
DEN,5,Schedule difficulty,-0.6505231422638751,-1.611225207600431e-4,0.6960864991542535,defense
DET,5,Last season: defense,1.0519444729911154,-1.611225207600431e-4,0.052415899983066457,defense
DET,5,Last season: net,1.0519444729911154,-1.611225207600431e-4,0.1136350235002191,defense
DET,5,"Market, by week",1.0519444729911154,-1.611225207600431e-4,-0.07545418492972254,defense
DET,5,Market: defense,1.0519444729911154,-1.611225207600431e-4,-0.465073618988138,defense
DET,5,Market: net,1.0519444729911154,-1.611225207600431e-4,0.02651916251738957,defense
DET,5,Offenses faced,1.0519444729911154,-1.611225207600431e-4,-0.4662023100821542,defense
DET,5,Points allowed,1.0519444729911154,-1.611225207600431e-4,2.041057497937054,defense
DET,5,"Points allowed, by week",1.0519444729911154,-1.611225207600431e-4,-0.9981416395308892,defense
DET,5,Points scored,1.0519444729911154,-1.611225207600431e-4,-0.2855532158097698,defense
DET,5,Schedule difficulty,1.0519444729911154,-1.611225207600431e-4,1.10890298091482,defense
GB,5,Last season: defense,0.6747137909262074,-1.611225207600431e-4,0.11919348722174553,defense
GB,5,Last season: net,0.6747137909262074,-1.611225207600431e-4,-0.13260558869859118,defense
GB,5,"Market, by week",0.6747137909262074,-1.611225207600431e-4,-0.15479680098787704,defense
GB,5,Market: defense,0.6747137909262074,-1.611225207600431e-4,-0.24102690193572215,defense
GB,5,Market: net,0.6747137909262074,-1.611225207600431e-4,0.10819622332797352,defense
GB,5,Offenses faced,0.6747137909262074,-1.611225207600431e-4,-0.26472975085554484,defense
GB,5,Points allowed,0.6747137909262074,-1.611225207600431e-4,0.6200824897915042,defense
GB,5,"Points allowed, by week",0.6747137909262074,-1.611225207600431e-4,-0.34515213389328003,defense
GB,5,Points scored,0.6747137909262074,-1.611225207600431e-4,-0.13788272823037862,defense
GB,5,Schedule difficulty,0.6747137909262074,-1.611225207600431e-4,1.103596617707138,defense
HOU,5,Last season: defense,-0.12234912024263891,-1.611225207600431e-4,-0.5380541174752718,defense
HOU,5,Last season: net,-0.12234912024263891,-1.611225207600431e-4,0.09987181893248404,defense
HOU,5,"Market, by week",-0.12234912024263891,-1.611225207600431e-4,-0.19153539505203013,defense
HOU,5,Market: defense,-0.12234912024263891,-1.611225207600431e-4,-0.1084513884530916,defense
HOU,5,Market: net,-0.12234912024263891,-1.611225207600431e-4,0.09640303424496788,defense
HOU,5,Offenses faced,-0.12234912024263891,-1.611225207600431e-4,-0.4393392525260504,defense
HOU,5,Points allowed,-0.12234912024263891,-1.611225207600431e-4,0.9019202095426384,defense
HOU,5,"Points allowed, by week",-0.12234912024263891,-1.611225207600431e-4,-0.465547670766688,defense
HOU,5,Points scored,-0.12234912024263891,-1.611225207600431e-4,-0.18747298798678913,defense
HOU,5,Schedule difficulty,-0.12234912024263891,-1.611225207600431e-4,0.7100177518179519,defense
IND,5,Last season: defense,0.7301911109810222,-1.611225207600431e-4,0.03666329649991219,defense
IND,5,Last season: net,0.7301911109810222,-1.611225207600431e-4,0.09986027202678532,defense
IND,5,"Market, by week",0.7301911109810222,-1.611225207600431e-4,0.08644455371194913,defense
IND,5,Market: defense,0.7301911109810222,-1.611225207600431e-4,0.15181339955816017,defense
IND,5,Market: net,0.7301911109810222,-1.611225207600431e-4,0.03593836725915943,defense
IND,5,Offenses faced,0.7301911109810222,-1.611225207600431e-4,-0.4507579056022521,defense
IND,5,Points allowed,0.7301911109810222,-1.611225207600431e-4,0.5483103123201314,defense
IND,5,"Points allowed, by week",0.7301911109810222,-1.611225207600431e-4,-0.3151489785635641,defense
IND,5,Points scored,0.7301911109810222,-1.611225207600431e-4,-0.25179711672352867,defense
IND,5,Schedule difficulty,0.7301911109810222,-1.611225207600431e-4,0.7890260330150295,defense
JAX,5,Last season: defense,-2.1830521045721936,-1.611225207600431e-4,-0.0467872767909949,defense
JAX,5,Last season: net,-2.1830521045721936,-1.611225207600431e-4,0.06106055919369951,defense
JAX,5,"Market, by week",-2.1830521045721936,-1.611225207600431e-4,-0.07722562249096546,defense
JAX,5,Market: defense,-2.1830521045721936,-1.611225207600431e-4,-0.46690943415339314,defense
JAX,5,Market: net,-2.1830521045721936,-1.611225207600431e-4,0.1004669977807012,defense
JAX,5,Offenses faced,-2.1830521045721936,-1.611225207600431e-4,-0.26472975085554484,defense
JAX,5,Points allowed,-2.1830521045721936,-1.611225207600431e-4,-3.038046456183126,defense
JAX,5,"Points allowed, by week",-2.1830521045721936,-1.611225207600431e-4,0.9161753925263764,defense
JAX,5,Points scored,-2.1830521045721936,-1.611225207600431e-4,-0.2571821670219922,defense
JAX,5,Schedule difficulty,-2.1830521045721936,-1.611225207600431e-4,0.8902867759438057,defense
KC,6,Last season: defense,-1.057166664289654,-1.611225207600431e-4,-0.14614354915642278,defense
KC,6,Last season: net,-1.057166664289654,-1.611225207600431e-4,-0.1374729770225461,defense
KC,6,"Market, by week",-1.057166664289654,-1.611225207600431e-4,-0.13352157985867244,defense
KC,6,Market: defense,-1.057166664289654,-1.611225207600431e-4,-0.06980962185709805,defense
KC,6,Market: net,-1.057166664289654,-1.611225207600431e-4,0.10814368027281406,defense
KC,6,Offenses faced,-1.057166664289654,-1.611225207600431e-4,-0.298159440604185,defense
KC,6,Points allowed,-1.057166664289654,-1.611225207600431e-4,-1.4951508575884191,defense
KC,6,"Points allowed, by week",-1.057166664289654,-1.611225207600431e-4,0.2994631907846302,defense
KC,6,Points scored,-1.057166664289654,-1.611225207600431e-4,-0.28433229258532905,defense
KC,6,Schedule difficulty,-1.057166664289654,-1.611225207600431e-4,1.099977905846334,defense
LA,5,Last season: defense,-0.6535460256369487,-1.611225207600431e-4,-0.09897874357904142,defense
LA,5,Last season: net,-0.6535460256369487,-1.611225207600431e-4,0.3508276744034022,defense
LA,5,"Market, by week",-0.6535460256369487,-1.611225207600431e-4,-0.1611083697839783,defense
LA,5,Market: defense,-0.6535460256369487,-1.611225207600431e-4,-0.2147807078363706,defense
LA,5,Market: net,-0.6535460256369487,-1.611225207600431e-4,-0.14986952046115762,defense
LA,5,Offenses faced,-0.6535460256369487,-1.611225207600431e-4,-0.2479004141683105,defense
LA,5,Points allowed,-0.6535460256369487,-1.611225207600431e-4,-1.039867194705661,defense
LA,5,"Points allowed, by week",-0.6535460256369487,-1.611225207600431e-4,0.28600810000543253,defense
LA,5,Points scored,-0.6535460256369487,-1.611225207600431e-4,-0.19169712597666896,defense
LA,5,Schedule difficulty,-0.6535460256369487,-1.611225207600431e-4,0.813981398986165,defense
LAC,5,Last season: defense,0.527962025235633,-1.611225207600431e-4,0.09829611542586898,defense
LAC,5,Last season: net,0.527962025235633,-1.611225207600431e-4,-0.1439113701507095,defense
LAC,5,"Market, by week",0.527962025235633,-1.611225207600431e-4,-0.1554554140418306,defense
LAC,5,Market: defense,0.527962025235633,-1.611225207600431e-4,-0.23824459760183425,defense
LAC,5,Market: net,0.527962025235633,-1.611225207600431e-4,0.10396100441798602,defense
LAC,5,Offenses faced,0.527962025235633,-1.611225207600431e-4,-0.42279844850703896,defense
LAC,5,Points allowed,0.527962025235633,-1.611225207600431e-4,0.6913461445642142,defense
LAC,5,"Points allowed, by week",0.527962025235633,-1.611225207600431e-4,-0.3752036026735772,defense
LAC,5,Points scored,0.527962025235633,-1.611225207600431e-4,-0.10939142332609778,defense
LAC,5,Schedule difficulty,0.527962025235633,-1.611225207600431e-4,1.079524739649412,defense
LV,5,Last season: defense,0.6392885652443963,-1.611225207600431e-4,-0.05466302720814985,defense
LV,5,Last season: net,0.6392885652443963,-1.611225207600431e-4,-0.04683694070808436,defense
LV,5,"Market, by week",0.6392885652443963,-1.611225207600431e-4,0.21742814091504375,defense
LV,5,Market: defense,0.6392885652443963,-1.611225207600431e-4,0.6013320881537363,defense
LV,5,Market: net,0.6392885652443963,-1.611225207600431e-4,0.18113992132741064,defense
LV,5,Offenses faced,0.6392885652443963,-1.611225207600431e-4,-0.3871818097984917,defense
LV,5,Points allowed,0.6392885652443963,-1.611225207600431e-4,-0.9630028154357946,defense
LV,5,"Points allowed, by week",0.6392885652443963,-1.611225207600431e-4,0.25933458491236316,defense
LV,5,Points scored,0.6392885652443963,-1.611225207600431e-4,-0.280088501186816,defense
LV,5,Schedule difficulty,0.6392885652443963,-1.611225207600431e-4,1.111988046793939,defense
MIA,5,Last season: defense,1.2658738447066515,-1.611225207600431e-4,-0.04829251409604003,defense
MIA,5,Last season: net,1.2658738447066515,-1.611225207600431e-4,-0.01303744840756747,defense
MIA,5,"Market, by week",1.2658738447066515,-1.611225207600431e-4,0.28971413780934285,defense
MIA,5,Market: defense,1.2658738447066515,-1.611225207600431e-4,0.1529178012432855,defense
MIA,5,Market: net,1.2658738447066515,-1.611225207600431e-4,0.18179933115016772,defense
MIA,5,Offenses faced,1.2658738447066515,-1.611225207600431e-4,-0.4825202683129238,defense
MIA,5,Points allowed,1.2658738447066515,-1.611225207600431e-4,0.33010840686176673,defense
MIA,5,"Points allowed, by week",1.2658738447066515,-1.611225207600431e-4,-0.22552961222918547,defense
MIA,5,Points scored,1.2658738447066515,-1.611225207600431e-4,-0.01306058690311025,defense
MIA,5,Schedule difficulty,1.2658738447066515,-1.611225207600431e-4,1.0939357201116755,defense
MIN,5,Last season: defense,-2.635056386109764,-1.611225207600431e-4,-0.21963044186362457,defense
MIN,5,Last season: net,-2.635056386109764,-1.611225207600431e-4,-0.13905931325588844,defense
MIN,5,"Market, by week",-2.635056386109764,-1.611225207600431e-4,-0.07866149297234222,defense
MIN,5,Market: defense,-2.635056386109764,-1.611225207600431e-4,-0.4680392588822947,defense
MIN,5,Market: net,-2.635056386109764,-1.611225207600431e-4,0.04621534447636527,defense
MIN,5,Offenses faced,-2.635056386109764,-1.611225207600431e-4,-0.3857816362212584,defense
MIN,5,Points allowed,-2.635056386109764,-1.611225207600431e-4,-3.133326515341986,defense
MIN,5,"Points allowed, by week",-2.635056386109764,-1.611225207600431e-4,0.942957287461915,defense
MIN,5,Points scored,-2.635056386109764,-1.611225207600431e-4,-0.19586014759282777,defense
MIN,5,Schedule difficulty,-2.635056386109764,-1.611225207600431e-4,0.9962909106029376,defense
NE,5,Last season: defense,-1.237296519049229,-1.611225207600431e-4,0.04307387545517956,defense
NE,5,Last season: net,-1.237296519049229,-1.611225207600431e-4,0.07641804142523795,defense
NE,5,"Market, by week",-1.237296519049229,-1.611225207600431e-4,-0.101376135726958,defense
NE,5,Market: defense,-1.237296519049229,-1.611225207600431e-4,-0.44708149364959743,defense
NE,5,Market: net,-1.237296519049229,-1.611225207600431e-4,0.10612589593515344,defense
NE,5,Offenses faced,-1.237296519049229,-1.611225207600431e-4,-0.47547682029637695,defense
NE,5,Points allowed,-1.237296519049229,-1.611225207600431e-4,-1.4951508575884191,defense
NE,5,"Points allowed, by week",-1.237296519049229,-1.611225207600431e-4,0.44005372622332734,defense
NE,5,Points scored,-1.237296519049229,-1.611225207600431e-4,-0.09982913839287808,defense
NE,5,Schedule difficulty,-1.237296519049229,-1.611225207600431e-4,0.716107510086862,defense
NO,5,Last season: defense,1.6115216522291256,-1.611225207600431e-4,0.1940002534924088,defense
NO,5,Last season: net,1.6115216522291256,-1.611225207600431e-4,-0.01053265331610589,defense
NO,5,"Market, by week",1.6115216522291256,-1.611225207600431e-4,0.03903124791259214,defense
NO,5,Market: defense,1.6115216522291256,-1.611225207600431e-4,0.08202126796214983,defense
NO,5,Market: net,1.6115216522291256,-1.611225207600431e-4,-0.01468955745646017,defense
NO,5,Offenses faced,1.6115216522291256,-1.611225207600431e-4,-0.47384904735309485,defense
NO,5,Points allowed,1.6115216522291256,-1.611225207600431e-4,2.0969398457016157,defense
NO,5,"Points allowed, by week",1.6115216522291256,-1.611225207600431e-4,-1.0262023948237895,defense
NO,5,Points scored,1.6115216522291256,-1.611225207600431e-4,-0.2597353300783114,defense
NO,5,Schedule difficulty,1.6115216522291256,-1.611225207600431e-4,0.9846991427088811,defense
NYG,5,Last season: defense,0.15786243679591264,-1.611225207600431e-4,-0.06095850953489368,defense
NYG,5,Last season: net,0.15786243679591264,-1.611225207600431e-4,0.02545525799904661,defense
NYG,5,"Market, by week",0.15786243679591264,-1.611225207600431e-4,0.14824873423641532,defense
NYG,5,Market: defense,0.15786243679591264,-1.611225207600431e-4,0.5830721187957708,defense
NYG,5,Market: net,0.15786243679591264,-1.611225207600431e-4,0.01251037384560248,defense
NYG,5,Offenses faced,0.15786243679591264,-1.611225207600431e-4,-0.39805440574881623,defense
NYG,5,Points allowed,0.15786243679591264,-1.611225207600431e-4,-1.3448312402419635,defense
NYG,5,"Points allowed, by week",0.15786243679591264,-1.611225207600431e-4,0.3899139899925973,defense
NYG,5,Points scored,0.15786243679591264,-1.611225207600431e-4,-0.17885407531660555,defense
NYG,5,Schedule difficulty,0.15786243679591264,-1.611225207600431e-4,0.9815213152895192,defense
NYJ,5,Last season: defense,0.12010413117850371,-1.611225207600431e-4,-0.01183031332441731,defense
NYJ,5,Last season: net,0.12010413117850371,-1.611225207600431e-4,-0.03476917543969646,defense
NYJ,5,"Market, by week",0.12010413117850371,-1.611225207600431e-4,0.32304121426754145,defense
NYJ,5,Market: defense,0.12010413117850371,-1.611225207600431e-4,0.24672755096531299,defense
NYJ,5,Market: net,0.12010413117850371,-1.611225207600431e-4,0.1602155437376395,defense
NYJ,5,Offenses faced,0.12010413117850371,-1.611225207600431e-4,-0.4825202683129238,defense
NYJ,5,Points allowed,0.12010413117850371,-1.611225207600431e-4,-0.9630028154357946,defense
NYJ,5,"Points allowed, by week",0.12010413117850371,-1.611225207600431e-4,0.25933458491236316,defense
NYJ,5,Points scored,0.12010413117850371,-1.611225207600431e-4,-0.15186106753597028,defense
NYJ,5,Schedule difficulty,0.12010413117850371,-1.611225207600431e-4,0.7749299998652092,defense
PHI,5,Last season: defense,-0.3007927812154086,-1.611225207600431e-4,-0.26566385685687943,defense
PHI,5,Last season: net,-0.3007927812154086,-1.611225207600431e-4,-0.05740405688719953,defense
PHI,5,"Market, by week",-0.3007927812154086,-1.611225207600431e-4,-0.21106111320101953,defense
PHI,5,Market: defense,-0.3007927812154086,-1.611225207600431e-4,-0.06452399725699282,defense
PHI,5,Market: net,-0.3007927812154086,-1.611225207600431e-4,0.10819504230453084,defense
PHI,5,Offenses faced,-0.3007927812154086,-1.611225207600431e-4,-0.2479004141683105,defense
PHI,5,Points allowed,-0.3007927812154086,-1.611225207600431e-4,-0.26999761749969126,defense
PHI,5,"Points allowed, by week",-0.3007927812154086,-1.611225207600431e-4,0.00883078031845954,defense
PHI,5,Points scored,-0.3007927812154086,-1.611225207600431e-4,-0.14722989702841766,defense
PHI,5,Schedule difficulty,-0.3007927812154086,-1.611225207600431e-4,0.8461234715808718,defense
PIT,5,Last season: defense,0.2597393136210514,-1.611225207600431e-4,0.1940999244984144,defense
PIT,5,Last season: net,0.2597393136210514,-1.611225207600431e-4,-0.1442782134526207,defense
PIT,5,"Market, by week",0.2597393136210514,-1.611225207600431e-4,0.02298016049761208,defense
PIT,5,Market: defense,0.2597393136210514,-1.611225207600431e-4,0.04873828255698178,defense
PIT,5,Market: net,0.2597393136210514,-1.611225207600431e-4,0.0440854803301399,defense
PIT,5,Offenses faced,0.2597393136210514,-1.611225207600431e-4,-0.24071043209054233,defense
PIT,5,Points allowed,0.2597393136210514,-1.611225207600431e-4,-0.7316751061240612,defense
PIT,5,"Points allowed, by week",0.2597393136210514,-1.611225207600431e-4,0.17780148772412063,defense
PIT,5,Points scored,0.2597393136210514,-1.611225207600431e-4,-0.15645972463896515,defense
PIT,5,Schedule difficulty,0.2597393136210514,-1.611225207600431e-4,1.045318576840732,defense
SEA,5,Last season: defense,-1.272567286589103,-1.611225207600431e-4,-0.5091897066676743,defense
SEA,5,Last season: net,-1.272567286589103,-1.611225207600431e-4,0.33649430254785717,defense
SEA,5,"Market, by week",-1.272567286589103,-1.611225207600431e-4,-0.2354142906320758,defense
SEA,5,Market: defense,-1.272567286589103,-1.611225207600431e-4,-0.04172451719023078,defense
SEA,5,Market: net,-1.272567286589103,-1.611225207600431e-4,-0.09909211512381697,defense
SEA,5,Offenses faced,-1.272567286589103,-1.611225207600431e-4,-0.2508729785585105,defense
SEA,5,Points allowed,-1.272567286589103,-1.611225207600431e-4,-1.789561502878522,defense
SEA,5,"Points allowed, by week",-1.272567286589103,-1.611225207600431e-4,0.5363059053539874,defense
SEA,5,Points scored,-1.272567286589103,-1.611225207600431e-4,-0.2597353300783114,defense
SEA,5,Schedule difficulty,-1.272567286589103,-1.611225207600431e-4,1.040384069158954,defense
SF,5,Last season: defense,-1.3405758490040651,-1.611225207600431e-4,0.13200376306631864,defense
SF,5,Last season: net,-1.3405758490040651,-1.611225207600431e-4,0.11475542914971142,defense
SF,5,"Market, by week",-1.3405758490040651,-1.611225207600431e-4,-0.1041425235379186,defense
SF,5,Market: defense,-1.3405758490040651,-1.611225207600431e-4,-0.4402242916385503,defense
SF,5,Market: net,-1.3405758490040651,-1.611225207600431e-4,0.10815353434256812,defense
SF,5,Offenses faced,-1.3405758490040651,-1.611225207600431e-4,-0.2911655682327923,defense
SF,5,Points allowed,-1.3405758490040651,-1.611225207600431e-4,-2.4076997007268157,defense
SF,5,"Points allowed, by week",-1.3405758490040651,-1.611225207600431e-4,0.7303088490855716,defense
SF,5,Points scored,-1.3405758490040651,-1.611225207600431e-4,-0.28863093903900433,defense
SF,5,Schedule difficulty,-1.3405758490040651,-1.611225207600431e-4,1.1062267210476064,defense
TB,5,Last season: defense,0.5302919033859774,-1.611225207600431e-4,0.03936376486002474,defense
TB,5,Last season: net,0.5302919033859774,-1.611225207600431e-4,-0.06803876806401685,defense
TB,5,"Market, by week",0.5302919033859774,-1.611225207600431e-4,0.00953204336357085,defense
TB,5,Market: defense,0.5302919033859774,-1.611225207600431e-4,-0.00422252210771295,defense
TB,5,Market: net,0.5302919033859774,-1.611225207600431e-4,0.03605574345638138,defense
TB,5,Offenses faced,0.5302919033859774,-1.611225207600431e-4,-0.25475171478337993,defense
TB,5,Points allowed,0.5302919033859774,-1.611225207600431e-4,-0.04218476682994804,defense
TB,5,"Points allowed, by week",0.5302919033859774,-1.611225207600431e-4,-0.07806564756208058,defense
TB,5,Points scored,0.5302919033859774,-1.611225207600431e-4,-0.15186106753597028,defense
TB,5,Schedule difficulty,0.5302919033859774,-1.611225207600431e-4,1.0446259611098692,defense
TEN,5,Last season: defense,0.4690382286346869,-1.611225207600431e-4,-0.00852158535152588,defense
TEN,5,Last season: net,0.4690382286346869,-1.611225207600431e-4,-0.11189965302476527,defense
TEN,5,"Market, by week",0.4690382286346869,-1.611225207600431e-4,0.16986835468411468,defense
TEN,5,Market: defense,0.4690382286346869,-1.611225207600431e-4,0.7044307484638929,defense
TEN,5,Market: net,0.4690382286346869,-1.611225207600431e-4,-0.0884052703666886,defense
TEN,5,Offenses faced,0.4690382286346869,-1.611225207600431e-4,-0.4101014605527597,defense
TEN,5,Points allowed,0.4690382286346869,-1.611225207600431e-4,-1.039867194705661,defense
TEN,5,"Points allowed, by week",0.4690382286346869,-1.611225207600431e-4,0.28600810000543253,defense
TEN,5,Points scored,0.4690382286346869,-1.611225207600431e-4,-0.05267295775486889,defense
TEN,5,Schedule difficulty,0.4690382286346869,-1.611225207600431e-4,1.0203602697582763,defense
WAS,5,Last season: defense,1.6780908574616986,-1.611225207600431e-4,-0.04950908605295024,defense
WAS,5,Last season: net,1.6780908574616986,-1.611225207600431e-4,7.253124083705321e-4,defense
WAS,5,"Market, by week",1.6780908574616986,-1.611225207600431e-4,0.1338450441794041,defense
WAS,5,Market: defense,1.6780908574616986,-1.611225207600431e-4,0.466621102429762,defense
WAS,5,Market: net,1.6780908574616986,-1.611225207600431e-4,0.01976736554300394,defense
WAS,5,Offenses faced,1.6780908574616986,-1.611225207600431e-4,-0.3091386805784522,defense
WAS,5,Points allowed,1.6780908574616986,-1.611225207600431e-4,1.7488792610546775,defense
WAS,5,"Points allowed, by week",1.6780908574616986,-1.611225207600431e-4,-0.8542292043398073,defense
WAS,5,Points scored,1.6780908574616986,-1.611225207600431e-4,-0.20399012927324273,defense
WAS,5,Schedule difficulty,1.6780908574616986,-1.611225207600431e-4,0.7252809946116933,defense
