game_id,week,gameday,gametime,team_away,team_home,away_moneyline,home_moneyline,home_spread_odds,away_spread_odds,spread_line,spread_pred,p_home
2026_02_DET_BUF,2,2026-09-17,20:15:00,DET,BUF,180,-218,-112,-108,4.5,3.612853606806014,0.6035911466090081
2026_02_CAR_ATL,2,2026-09-20,13:00:00,CAR,ATL,-125,105,-112,-108,-1.5,2.790619515950899,0.5818476096493023
2026_02_CIN_HOU,2,2026-09-20,13:00:00,CIN,HOU,124,-148,-105,-115,3,2.3129384319265696,0.5672072112783073
2026_02_CLE_TB,2,2026-09-20,13:00:00,CLE,TB,320,-410,-112,-108,8.5,6.781278879712692,0.6933802453979339
2026_02_GB_NYJ,2,2026-09-20,13:00:00,GB,NYJ,-205,170,-118,-102,-4.5,-1.0567479723627324,0.470691025017847
2026_02_MIN_CHI,2,2026-09-20,13:00:00,MIN,CHI,195,-238,-110,-110,5.5,8.966440515052444,0.7497005997172899
2026_02_NO_BAL,2,2026-09-20,13:00:00,NO,BAL,320,-410,-110,-110,8.5,8.253423705214393,0.7315530539113082
2026_02_PHI_TEN,2,2026-09-20,13:00:00,PHI,TEN,-305,245,-110,-110,-7,-3.934145652481075,0.38298242294393786
2026_02_PIT_NE,2,2026-09-20,13:00:00,PIT,NE,190,-230,-110,-110,5.5,4.345539613212841,0.6250171149745275
2026_02_JAX_DEN,2,2026-09-20,16:05:00,JAX,DEN,114,-135,-110,-110,2.5,-1.602920317103683,0.4558529939301784
2026_02_LV_LAC,2,2026-09-20,16:05:00,LV,LAC,250,-310,-105,-115,7,4.585639795228433,0.6320778053498614
2026_02_MIA_SF,2,2026-09-20,16:25:00,MIA,SF,625,-950,-115,-105,12.5,11.607238770584908,0.8051931342536588
2026_02_SEA_ARI,2,2026-09-20,16:25:00,SEA,ARI,-225,185,-115,-105,-4.5,-2.7503416705303905,0.4190704522895285
2026_02_WAS_DAL,2,2026-09-20,16:25:00,WAS,DAL,185,-225,-112,-108,3.5,2.535943575119636,0.5745402579755066
2026_02_IND_KC,2,2026-09-20,20:20:00,IND,KC,245,-305,-120,100,6.5,7.180541609582031,0.7063692517794795
2026_02_NYG_LA,2,2026-09-21,20:15:00,NYG,LA,280,-355,-115,-105,7,4.096889382498519,0.617914274738443
2026_03_ATL_GB,3,2026-09-24,20:15:00,ATL,GB,NA,NA,NA,NA,NA,5.418595763672347,0.6598557945645713
2026_03_CAR_CLE,3,2026-09-27,13:00:00,CAR,CLE,NA,NA,NA,NA,NA,-1.4691436191435328,0.4558529939301784
2026_03_CIN_PIT,3,2026-09-27,13:00:00,CIN,PIT,NA,NA,NA,NA,NA,-0.05597912633007475,0.5004688214298675
2026_03_HOU_IND,3,2026-09-27,13:00:00,HOU,IND,NA,NA,NA,NA,NA,-1.0522654370079525,0.470691025017847
2026_03_KC_MIA,3,2026-09-27,13:00:00,KC,MIA,NA,NA,NA,NA,NA,-8.593810187757779,0.2630914758758813
2026_03_LAC_BUF,3,2026-09-27,13:00:00,LAC,BUF,NA,NA,NA,NA,NA,8.452003892360922,0.7376749552687492
2026_03_NE_JAX,3,2026-09-27,13:00:00,NE,JAX,NA,NA,NA,NA,NA,7.717265601624428,0.7190975738533477
2026_03_NYJ_DET,3,2026-09-27,13:00:00,NYJ,DET,NA,NA,NA,NA,NA,7.163405317674155,0.7063692517794795
2026_03_SEA_WAS,3,2026-09-27,13:00:00,SEA,WAS,NA,NA,NA,NA,NA,-1.23198798073703,0.4632656211216177
2026_03_TEN_NYG,3,2026-09-27,13:00:00,TEN,NYG,NA,NA,NA,NA,NA,7.225147039591606,0.7063692517794795
2026_03_ARI_SF,3,2026-09-27,16:05:00,ARI,SF,NA,NA,NA,NA,NA,6.611275564305193,0.6867920546989433
2026_03_MIN_TB,3,2026-09-27,16:05:00,MIN,TB,NA,NA,NA,NA,NA,-2.0660971074802887,0.4410762888650432
2026_03_BAL_DAL,3,2026-09-27,16:25:00,BAL,DAL,NA,NA,NA,NA,NA,-4.9795840118709975,0.3548104666783013
2026_03_LV_NO,3,2026-09-27,16:25:00,LV,NO,NA,NA,NA,NA,NA,2.6566932239652945,0.5818476096493023
2026_03_LA_DEN,3,2026-09-27,20:20:00,LA,DEN,NA,NA,NA,NA,NA,0.8602663331808084,0.5228095386666679
2026_03_PHI_CHI,3,2026-09-28,20:15:00,PHI,CHI,NA,NA,NA,NA,NA,10.685455223058394,0.7893843827852425
2026_04_PIT_CLE,4,2026-10-01,20:15:00,PIT,CLE,NA,NA,NA,NA,NA,-6.360715123358811,0.3206971090063433
2026_04_IND_WAS,4,2026-10-04,09:30:00,IND,WAS,NA,NA,NA,NA,NA,2.400072274862837,0.5745402579755066
2026_04_ARI_NYG,4,2026-10-04,13:00:00,ARI,NYG,NA,NA,NA,NA,NA,3.8176535437549415,0.6107715249968488
2026_04_DAL_HOU,4,2026-10-04,13:00:00,DAL,HOU,NA,NA,NA,NA,NA,5.112114882425535,0.64606399016907
2026_04_GB_TB,4,2026-10-04,13:00:00,GB,TB,NA,NA,NA,NA,NA,3.3163231369907384,0.5963754587658316
2026_04_JAX_CIN,4,2026-10-04,13:00:00,JAX,CIN,NA,NA,NA,NA,NA,-1.364891137399533,0.4632656211216177
2026_04_LA_PHI,4,2026-10-04,13:00:00,LA,PHI,NA,NA,NA,NA,NA,6.681071438165768,0.6933802453979339
2026_04_NE_BUF,4,2026-10-04,13:00:00,NE,BUF,NA,NA,NA,NA,NA,7.701622678089363,0.7190975738533477
2026_04_NYJ_CHI,4,2026-10-04,13:00:00,NYJ,CHI,NA,NA,NA,NA,NA,12.80639620419669,0.8298830437661577
2026_04_TEN_BAL,4,2026-10-04,13:00:00,TEN,BAL,NA,NA,NA,NA,NA,14.826377992347036,0.8650123271794661
2026_04_MIA_MIN,4,2026-10-04,16:05:00,MIA,MIN,NA,NA,NA,NA,NA,14.55170154322808,0.8609156346027891
2026_04_DEN_SF,4,2026-10-04,16:25:00,DEN,SF,NA,NA,NA,NA,NA,9.908206386222345,0.772847107478886
2026_04_KC_LV,4,2026-10-04,16:25:00,KC,LV,NA,NA,NA,NA,NA,-2.6522217185082866,0.4190704522895285
2026_04_LAC_SEA,4,2026-10-04,16:25:00,LAC,SEA,NA,NA,NA,NA,NA,5.551157935679235,0.6598557945645713
2026_04_DET_CAR,4,2026-10-04,20:20:00,DET,CAR,NA,NA,NA,NA,NA,-1.898571434419448,0.4410762888650432
2026_04_ATL_NO,4,2026-10-05,20:15:00,ATL,NO,NA,NA,NA,NA,NA,5.91226620835474,0.6734369588924825
2026_05_TB_DAL,5,2026-10-08,20:15:00,TB,DAL,NA,NA,NA,NA,NA,0.583422561816195,0.5153671251665725
2026_05_PHI_JAX,5,2026-10-11,09:30:00,PHI,JAX,NA,NA,NA,NA,NA,9.193508473734926,0.7556019470491309
2026_05_CIN_MIA,5,2026-10-11,13:00:00,CIN,MIA,NA,NA,NA,NA,NA,-9.19926547197364,0.24513653321058765
2026_05_CLE_NYJ,5,2026-10-11,13:00:00,CLE,NYJ,NA,NA,NA,NA,NA,11.171188824927476,0.8000055494578889
2026_05_HOU_TEN,5,2026-10-11,13:00:00,HOU,TEN,NA,NA,NA,NA,NA,-5.182905546086425,0.3478830008866317
2026_05_IND_PIT,5,2026-10-11,13:00:00,IND,PIT,NA,NA,NA,NA,NA,5.125887498944024,0.6529852249958492
2026_05_LV_NE,5,2026-10-11,13:00:00,LV,NE,NA,NA,NA,NA,NA,0.00716887087934029,0.5004688214298675
2026_05_MIN_NO,5,2026-10-11,13:00:00,MIN,NO,NA,NA,NA,NA,NA,-4.766448051242822,0.3617862772395235
2026_05_NYG_WAS,5,2026-10-11,13:00:00,NYG,WAS,NA,NA,NA,NA,NA,-0.8473289684438879,0.4781266334930185
2026_05_DEN_LAC,5,2026-10-11,16:05:00,DEN,LAC,NA,NA,NA,NA,NA,4.335855820629568,0.6250171149745275
2026_05_CHI_GB,5,2026-10-11,16:25:00,CHI,GB,NA,NA,NA,NA,NA,-10.018188767219389,0.22786221084465955
2026_05_DET_ARI,5,2026-10-11,16:25:00,DET,ARI,NA,NA,NA,NA,NA,0.9780406095593452,0.5302440048590369
2026_05_SF_SEA,5,2026-10-11,16:25:00,SF,SEA,NA,NA,NA,NA,NA,-1.242886221291848,0.4632656211216177
2026_05_BAL_ATL,5,2026-10-11,20:20:00,BAL,ATL,NA,NA,NA,NA,NA,-10.494748593588747,0.2167373194811879
2026_05_BUF_LA,5,2026-10-12,20:15:00,BUF,LA,NA,NA,NA,NA,NA,-7.613606740649492,0.2880346464277299
2026_06_SEA_DEN,6,2026-10-15,20:15:00,SEA,DEN,NA,NA,NA,NA,NA,-4.833378955669994,0.3617862772395235
2026_06_HOU_JAX,6,2026-10-18,09:30:00,HOU,JAX,NA,NA,NA,NA,NA,11.17344998679429,0.8000055494578889
2026_06_BAL_CLE,6,2026-10-18,13:00:00,BAL,CLE,NA,NA,NA,NA,NA,-16.86000021769999,0.10561595632999864
2026_06_CAR_PHI,6,2026-10-18,13:00:00,CAR,PHI,NA,NA,NA,NA,NA,2.8042734055535985,0.5818476096493023
2026_06_CHI_ATL,6,2026-10-18,13:00:00,CHI,ATL,NA,NA,NA,NA,NA,-12.461679791356683,0.1754936832542442
2026_06_NO_NYG,6,2026-10-18,13:00:00,NO,NYG,NA,NA,NA,NA,NA,4.299637408450341,0.6250171149745275
2026_06_NYJ_NE,6,2026-10-18,13:00:00,NYJ,NE,NA,NA,NA,NA,NA,-0.2174329179147586,0.4930181250798179
2026_06_PIT_TB,6,2026-10-18,13:00:00,PIT,TB,NA,NA,NA,NA,NA,0.7700033845691391,0.5228095386666679
2026_06_TEN_IND,6,2026-10-18,13:00:00,TEN,IND,NA,NA,NA,NA,NA,4.577080462956534,0.6320778053498614
2026_06_ARI_LA,6,2026-10-18,16:05:00,ARI,LA,NA,NA,NA,NA,NA,-6.0105369258983625,0.32741106247042817
2026_06_BUF_LV,6,2026-10-18,16:25:00,BUF,LV,NA,NA,NA,NA,NA,-0.6495472512349006,0.4781266334930185
2026_06_LAC_KC,6,2026-10-18,16:25:00,LAC,KC,NA,NA,NA,NA,NA,13.603271001546068,0.8436886821010425
2026_06_DAL_GB,6,2026-10-18,20:20:00,DAL,GB,NA,NA,NA,NA,NA,1.4380557355861647,0.545078779955721
2026_06_WAS_SF,6,2026-10-19,20:15:00,WAS,SF,NA,NA,NA,NA,NA,9.700297037013684,0.7671761994201876
2026_07_NE_CHI,7,2026-10-22,20:15:00,NE,CHI,NA,NA,NA,NA,NA,13.715838006906788,0.8481217917118656
2026_07_PIT_NO,7,2026-10-25,09:30:00,PIT,NO,NA,NA,NA,NA,NA,1.4395355100388127,0.545078779955721
2026_07_CIN_BAL,7,2026-10-25,13:00:00,CIN,BAL,NA,NA,NA,NA,NA,8.43526503552751,0.7376749552687492
2026_07_CLE_TEN,7,2026-10-25,13:00:00,CLE,TEN,NA,NA,NA,NA,NA,5.239294508544415,0.6529852249958492
2026_07_IND_MIN,7,2026-10-25,13:00:00,IND,MIN,NA,NA,NA,NA,NA,15.83016579262944,0.8805672913289988
2026_07_MIA_NYJ,7,2026-10-25,13:00:00,MIA,NYJ,NA,NA,NA,NA,NA,11.946193881476551,0.8153198101816063
2026_07_NYG_HOU,7,2026-10-25,13:00:00,NYG,HOU,NA,NA,NA,NA,NA,1.1187494288297375,0.5302440048590369
2026_07_SF_ATL,7,2026-10-25,13:00:00,SF,ATL,NA,NA,NA,NA,NA,-8.59212750414337,0.2630914758758813
2026_07_TB_CAR,7,2026-10-25,13:00:00,TB,CAR,NA,NA,NA,NA,NA,6.14853261644057,0.6801436957447821
2026_07_DEN_ARI,7,2026-10-25,16:05:00,DEN,ARI,NA,NA,NA,NA,NA,12.975638095159091,0.834569279539771
2026_07_GB_DET,7,2026-10-25,16:25:00,GB,DET,NA,NA,NA,NA,NA,8.248016608774645,0.7315530539113082
2026_07_LA_LV,7,2026-10-25,16:25:00,LA,LV,NA,NA,NA,NA,NA,12.796139197286552,0.8298830437661577
2026_07_KC_SEA,7,2026-10-25,20:20:00,KC,SEA,NA,NA,NA,NA,NA,-4.834701910392266,0.3617862772395235
2026_07_DAL_PHI,7,2026-10-26,20:15:00,DAL,PHI,NA,NA,NA,NA,NA,6.833401782673095,0.6933802453979339
2026_08_CAR_GB,8,2026-10-29,20:15:00,CAR,GB,NA,NA,NA,NA,NA,-6.484099506409879,0.3140413041013193
2026_08_ARI_DAL,8,2026-11-01,13:00:00,ARI,DAL,NA,NA,NA,NA,NA,-5.1426203467402,0.3478830008866317
2026_08_ATL_TB,8,2026-11-01,13:00:00,ATL,TB,NA,NA,NA,NA,NA,5.199228291058229,0.6529852249958492
2026_08_BAL_BUF,8,2026-11-01,13:00:00,BAL,BUF,NA,NA,NA,NA,NA,-2.199413663675919,0.4337172780227289
2026_08_CLE_PIT,8,2026-11-01,13:00:00,CLE,PIT,NA,NA,NA,NA,NA,13.83857463678174,0.8481217917118656
2026_08_IND_JAX,8,2026-11-01,13:00:00,IND,JAX,NA,NA,NA,NA,NA,18.584092293839127,0.9167096633926636
2026_08_LV_NYJ,8,2026-11-01,13:00:00,LV,NYJ,NA,NA,NA,NA,NA,0.6664118738866226,0.5228095386666679
2026_08_MIN_DET,8,2026-11-01,13:00:00,MIN,DET,NA,NA,NA,NA,NA,-4.930671828139794,0.3548104666783013
2026_08_TEN_CIN,8,2026-11-01,13:00:00,TEN,CIN,NA,NA,NA,NA,NA,14.057890033974928,0.8524705666518955
2026_08_LAC_LA,8,2026-11-01,16:05:00,LAC,LA,NA,NA,NA,NA,NA,-1.195101905420289,0.4632656211216177
2026_08_KC_DEN,8,2026-11-01,16:25:00,KC,DEN,NA,NA,NA,NA,NA,-15.267240440782828,0.1275345519497214
2026_08_NE_MIA,8,2026-11-01,16:25:00,NE,MIA,NA,NA,NA,NA,NA,-3.908244520101806,0.38298242294393786
2026_08_PHI_WAS,8,2026-11-01,20:20:00,PHI,WAS,NA,NA,NA,NA,NA,-0.9485014719653092,0.470691025017847
2026_08_CHI_SEA,8,2026-11-02,20:15:00,CHI,SEA,NA,NA,NA,NA,NA,-5.5937016119024685,0.3410059440984021
2026_09_JAX_BAL,9,2026-11-05,20:15:00,JAX,BAL,NA,NA,NA,NA,NA,2.699176008308321,0.5818476096493023
2026_09_CIN_ATL,9,2026-11-08,09:30:00,CIN,ATL,NA,NA,NA,NA,NA,-7.521292676795014,0.2880346464277299
2026_09_CLE_NO,9,2026-11-08,13:00:00,CLE,NO,NA,NA,NA,NA,NA,13.077310368831506,0.834569279539771
2026_09_DAL_IND,9,2026-11-08,13:00:00,DAL,IND,NA,NA,NA,NA,NA,-0.44598428412101726,0.4855698637636739
2026_09_DEN_CAR,9,2026-11-08,13:00:00,DEN,CAR,NA,NA,NA,NA,NA,15.977860317786677,0.8842501152806534
2026_09_DET_MIA,9,2026-11-08,13:00:00,DET,MIA,NA,NA,NA,NA,NA,-8.510201749263096,0.2630914758758813
2026_09_LA_WAS,9,2026-11-08,13:00:00,LA,WAS,NA,NA,NA,NA,NA,8.73262669213461,0.743724547488341
2026_09_NYG_PHI,9,2026-11-08,13:00:00,NYG,PHI,NA,NA,NA,NA,NA,1.124838385427526,0.5302440048590369
2026_09_NYJ_KC,9,2026-11-08,13:00:00,NYJ,KC,NA,NA,NA,NA,NA,9.785624801488355,0.7671761994201876
2026_09_HOU_LAC,9,2026-11-08,16:05:00,HOU,LAC,NA,NA,NA,NA,NA,-3.7408028202920938,0.39013003415234654
2026_09_LV_SF,9,2026-11-08,16:05:00,LV,SF,NA,NA,NA,NA,NA,4.579494883027764,0.6320778053498614
2026_09_ARI_SEA,9,2026-11-08,16:25:00,ARI,SEA,NA,NA,NA,NA,NA,-1.375999153456844,0.4558529939301784
2026_09_GB_NE,9,2026-11-08,16:25:00,GB,NE,NA,NA,NA,NA,NA,5.36971307033258,0.6529852249958492
2026_09_TB_CHI,9,2026-11-08,20:20:00,TB,CHI,NA,NA,NA,NA,NA,11.58229315021404,0.8051931342536588
2026_09_BUF_MIN,9,2026-11-09,20:15:00,BUF,MIN,NA,NA,NA,NA,NA,7.9123061840978925,0.7253601397193772
2026_10_WAS_NYG,10,2026-11-12,20:15:00,WAS,NYG,NA,NA,NA,NA,NA,7.3266821551740176,0.7063692517794795
2026_10_NE_DET,10,2026-11-15,09:30:00,NE,DET,NA,NA,NA,NA,NA,6.665941051112885,0.6933802453979339
2026_10_BUF_NYJ,10,2026-11-15,13:00:00,BUF,NYJ,NA,NA,NA,NA,NA,0.9129052152668408,0.5302440048590369
2026_10_CAR_NO,10,2026-11-15,13:00:00,CAR,NO,NA,NA,NA,NA,NA,-3.614247185002952,0.39731498422197414
2026_10_HOU_CLE,10,2026-11-15,13:00:00,HOU,CLE,NA,NA,NA,NA,NA,-11.064001120507738,0.20593316697280084
2026_10_JAX_TEN,10,2026-11-15,13:00:00,JAX,TEN,NA,NA,NA,NA,NA,-17.195350459579767,0.09895320599010148
2026_10_KC_ATL,10,2026-11-15,13:00:00,KC,ATL,NA,NA,NA,NA,NA,-12.42977728921426,0.1754936832542442
2026_10_MIA_IND,10,2026-11-15,13:00:00,MIA,IND,NA,NA,NA,NA,NA,3.0917280198457924,0.5891268167524479
2026_10_MIN_GB,10,2026-11-15,13:00:00,MIN,GB,NA,NA,NA,NA,NA,-15.128898341814276,0.1275345519497214
2026_10_LA_ARI,10,2026-11-15,16:05:00,LA,ARI,NA,NA,NA,NA,NA,16.844101655938566,0.8948125982695915
2026_10_SEA_LV,10,2026-11-15,16:05:00,SEA,LV,NA,NA,NA,NA,NA,8.252595367968238,0.7315530539113082
2026_10_SF_DAL,10,2026-11-15,16:25:00,SF,DAL,NA,NA,NA,NA,NA,-8.387350889897956,0.2630914758758813
2026_10_PIT_CIN,10,2026-11-15,20:20:00,PIT,CIN,NA,NA,NA,NA,NA,6.060203580145255,0.6734369588924825
2026_10_LAC_BAL,10,2026-11-16,20:15:00,LAC,BAL,NA,NA,NA,NA,NA,19.582439446473128,0.927577345861593
2026_11_IND_HOU,11,2026-11-19,20:15:00,IND,HOU,NA,NA,NA,NA,NA,8.262885815308712,0.7315530539113082
2026_11_ARI_KC,11,2026-11-22,13:00:00,ARI,KC,NA,NA,NA,NA,NA,7.628518245576736,0.7190975738533477
2026_11_BAL_CAR,11,2026-11-22,13:00:00,BAL,CAR,NA,NA,NA,NA,NA,-2.917291269640174,0.4117875697071079
2026_11_JAX_NYG,11,2026-11-22,13:00:00,JAX,NYG,NA,NA,NA,NA,NA,-5.839276961046427,0.3341813104933462
2026_11_MIA_BUF,11,2026-11-22,13:00:00,MIA,BUF,NA,NA,NA,NA,NA,15.228530248358616,0.872955430326773
2026_11_NO_CHI,11,2026-11-22,13:00:00,NO,CHI,NA,NA,NA,NA,NA,7.438681841678965,0.7127667816392341
2026_11_TB_DET,11,2026-11-22,13:00:00,TB,DET,NA,NA,NA,NA,NA,6.297567373879898,0.6801436957447821
2026_11_TEN_DAL,11,2026-11-22,13:00:00,TEN,DAL,NA,NA,NA,NA,NA,4.936320404654768,0.64606399016907
2026_11_NYJ_LAC,11,2026-11-22,16:05:00,NYJ,LAC,NA,NA,NA,NA,NA,-7.979511709319314,0.27542414153866823
2026_11_LV_DEN,11,2026-11-22,16:25:00,LV,DEN,NA,NA,NA,NA,NA,-14.501438384057703,0.13960582694489043
2026_11_PIT_PHI,11,2026-11-22,16:25:00,PIT,PHI,NA,NA,NA,NA,NA,2.853256411244026,0.5818476096493023
2026_11_MIN_SF,11,2026-11-22,20:20:00,MIN,SF,NA,NA,NA,NA,NA,-1.3287927058986138,0.4632656211216177
2026_11_CIN_WAS,11,2026-11-23,20:15:00,CIN,WAS,NA,NA,NA,NA,NA,-4.046062833263475,0.38298242294393786
2026_12_GB_LA,12,2026-11-25,20:00:00,GB,LA,NA,NA,NA,NA,NA,-1.695866352802769,0.448455702239243
2026_12_CHI_DET,12,2026-11-26,13:00:00,CHI,DET,NA,NA,NA,NA,NA,0.07532958460973052,0.5004688214298675
2026_12_PHI_DAL,12,2026-11-26,16:30:00,PHI,DAL,NA,NA,NA,NA,NA,-4.332042543900074,0.3758744364005415
2026_12_KC_BUF,12,2026-11-26,20:20:00,KC,BUF,NA,NA,NA,NA,NA,-3.46639001273588,0.39731498422197414
2026_12_DEN_PIT,12,2026-11-27,15:00:00,DEN,PIT,NA,NA,NA,NA,NA,15.048003426062996,0.8690254816244631
2026_12_ATL_MIN,12,2026-11-29,13:00:00,ATL,MIN,NA,NA,NA,NA,NA,19.910434929335512,0.932586710941193
2026_12_BAL_HOU,12,2026-11-29,13:00:00,BAL,HOU,NA,NA,NA,NA,NA,-10.082456244407304,0.22786221084465955
2026_12_LV_CLE,12,2026-11-29,13:00:00,LV,CLE,NA,NA,NA,NA,NA,-18.95187915636908,0.07805475753638386
2026_12_NO_CIN,12,2026-11-29,13:00:00,NO,CIN,NA,NA,NA,NA,NA,7.295398445465543,0.7063692517794795
2026_12_NYG_IND,12,2026-11-29,13:00:00,NYG,IND,NA,NA,NA,NA,NA,-10.449086383570291,0.2167373194811879
2026_12_NYJ_MIA,12,2026-11-29,13:00:00,NYJ,MIA,NA,NA,NA,NA,NA,-11.001329402384645,0.20593316697280084
2026_12_TEN_JAX,12,2026-11-29,16:05:00,TEN,JAX,NA,NA,NA,NA,NA,23.776096906572473,0.962091661461083
2026_12_SEA_SF,12,2026-11-29,16:25:00,SEA,SF,NA,NA,NA,NA,NA,10.760467694851831,0.7893843827852425
2026_12_WAS_ARI,12,2026-11-29,16:25:00,WAS,ARI,NA,NA,NA,NA,NA,10.92939386881636,0.7947357773339147
2026_12_NE_LAC,12,2026-11-29,20:20:00,NE,LAC,NA,NA,NA,NA,NA,-2.004771091490733,0.4410762888650432
2026_12_CAR_TB,12,2026-11-30,20:15:00,CAR,TB,NA,NA,NA,NA,NA,-7.1178092869297656,0.3009112723886552
2026_13_KC_LA,13,2026-12-03,20:15:00,KC,LA,NA,NA,NA,NA,NA,-20.11397628933092,0.06772036964679162
2026_13_CIN_CLE,13,2026-12-06,13:00:00,CIN,CLE,NA,NA,NA,NA,NA,-18.003194633724096,0.0895436943159324
2026_13_DET_ATL,13,2026-12-06,13:00:00,DET,ATL,NA,NA,NA,NA,NA,-5.019187594619539,0.3548104666783013
2026_13_GB_NO,13,2026-12-06,13:00:00,GB,NO,NA,NA,NA,NA,NA,9.188714228129784,0.7556019470491309
2026_13_JAX_CHI,13,2026-12-06,13:00:00,JAX,CHI,NA,NA,NA,NA,NA,-8.500100329917805,0.2630914758758813
2026_13_LAC_TB,13,2026-12-06,13:00:00,LAC,TB,NA,NA,NA,NA,NA,5.934693943922127,0.6734369588924825
2026_13_SF_NYG,13,2026-12-06,13:00:00,SF,NYG,NA,NA,NA,NA,NA,-0.03971095280593461,0.5004688214298675
2026_13_WAS_TEN,13,2026-12-06,13:00:00,WAS,TEN,NA,NA,NA,NA,NA,-4.235284062516853,0.3758744364005415
2026_13_MIA_DEN,13,2026-12-06,16:05:00,MIA,DEN,NA,NA,NA,NA,NA,-2.0549866655528586,0.4410762888650432
2026_13_PHI_ARI,13,2026-12-06,16:05:00,PHI,ARI,NA,NA,NA,NA,NA,8.422394978659563,0.7376749552687492
2026_13_BUF_NE,13,2026-12-06,16:25:00,BUF,NE,NA,NA,NA,NA,NA,-4.710279466861124,0.3617862772395235
2026_13_CAR_MIN,13,2026-12-06,16:25:00,CAR,MIN,NA,NA,NA,NA,NA,7.914666095043026,0.7253601397193772
2026_13_HOU_PIT,13,2026-12-06,20:20:00,HOU,PIT,NA,NA,NA,NA,NA,5.182950449017726,0.6529852249958492
2026_13_DAL_SEA,13,2026-12-07,20:15:00,DAL,SEA,NA,NA,NA,NA,NA,6.5868863126444195,0.6867920546989433
2026_14_MIN_NE,14,2026-12-10,20:15:00,MIN,NE,NA,NA,NA,NA,NA,-11.834331825368425,0.1903398061654196
2026_14_ATL_CLE,14,2026-12-13,13:00:00,ATL,CLE,NA,NA,NA,NA,NA,-8.483232142114026,0.2630914758758813
2026_14_CHI_MIA,14,2026-12-13,13:00:00,CHI,MIA,NA,NA,NA,NA,NA,-8.496333170721694,0.2630914758758813
2026_14_DEN_NYJ,14,2026-12-13,13:00:00,DEN,NYJ,NA,NA,NA,NA,NA,20.837089483107626,0.9395932177414684
2026_14_HOU_WAS,14,2026-12-13,13:00:00,HOU,WAS,NA,NA,NA,NA,NA,1.4594432030738662,0.545078779955721
2026_14_IND_PHI,14,2026-12-13,13:00:00,IND,PHI,NA,NA,NA,NA,NA,12.46635732596048,0.8251125898133711
2026_14_NO_CAR,14,2026-12-13,13:00:00,NO,CAR,NA,NA,NA,NA,NA,10.73702714406638,0.7893843827852425
2026_14_TB_BAL,14,2026-12-13,13:00:00,TB,BAL,NA,NA,NA,NA,NA,16.883271609918435,0.8981734719379019
2026_14_TEN_DET,14,2026-12-13,13:00:00,TEN,DET,NA,NA,NA,NA,NA,11.68108598775226,0.8102980325082316
2026_14_LAC_LV,14,2026-12-13,16:05:00,LAC,LV,NA,NA,NA,NA,NA,18.134773430128984,0.9138102222203656
2026_14_KC_CIN,14,2026-12-13,16:25:00,KC,CIN,NA,NA,NA,NA,NA,-4.141347989452019,0.3758744364005415
2026_14_LA_SF,14,2026-12-13,16:25:00,LA,SF,NA,NA,NA,NA,NA,21.934409941504803,0.9499896117155572
2026_14_NYG_SEA,14,2026-12-13,16:25:00,NYG,SEA,NA,NA,NA,NA,NA,-3.1707676101630184,0.40453494929543343
2026_14_BUF_GB,14,2026-12-13,20:20:00,BUF,GB,NA,NA,NA,NA,NA,-11.70235930387403,0.1903398061654196
2026_14_PIT_JAX,14,2026-12-14,20:15:00,PIT,JAX,NA,NA,NA,NA,NA,15.64920303455772,0.8805672913289988
2026_15_SF_LAC,15,2026-12-17,20:15:00,SF,LAC,NA,NA,NA,NA,NA,-14.202627292065612,0.1437969030455159
2026_15_SEA_PHI,15,2026-12-19,17:00:00,SEA,PHI,NA,NA,NA,NA,NA,5.039383556031041,0.64606399016907
2026_15_CHI_BUF,15,2026-12-19,20:20:00,CHI,BUF,NA,NA,NA,NA,NA,6.980042142400499,0.6999065354662795
2026_15_ATL_WAS,15,2026-12-20,13:00:00,ATL,WAS,NA,NA,NA,NA,NA,5.953170337966156,0.6734369588924825
2026_15_BAL_PIT,15,2026-12-20,13:00:00,BAL,PIT,NA,NA,NA,NA,NA,-6.07952133035096,0.32741106247042817
2026_15_CIN_CAR,15,2026-12-20,13:00:00,CIN,CAR,NA,NA,NA,NA,NA,6.020612039116898,0.6734369588924825
2026_15_CLE_NYG,15,2026-12-20,13:00:00,CLE,NYG,NA,NA,NA,NA,NA,23.263705257247437,0.958906750624264
2026_15_IND_TEN,15,2026-12-20,13:00:00,IND,TEN,NA,NA,NA,NA,NA,2.806075079376752,0.5818476096493023
2026_15_JAX_HOU,15,2026-12-20,13:00:00,JAX,HOU,NA,NA,NA,NA,NA,-13.793621245472158,0.1524314319530276
2026_15_MIA_GB,15,2026-12-20,13:00:00,MIA,GB,NA,NA,NA,NA,NA,0.9241320981653974,0.5302440048590369
2026_15_NO_TB,15,2026-12-20,13:00:00,NO,TB,NA,NA,NA,NA,NA,-0.7257111882620484,0.4781266334930185
2026_15_NYJ_ARI,15,2026-12-20,16:05:00,NYJ,ARI,NA,NA,NA,NA,NA,5.568249524381292,0.6598557945645713
2026_15_DAL_LA,15,2026-12-20,16:25:00,DAL,LA,NA,NA,NA,NA,NA,-5.033214870641235,0.3548104666783013
2026_15_DEN_LV,15,2026-12-20,16:25:00,DEN,LV,NA,NA,NA,NA,NA,24.54383804246585,0.9664887491932984
2026_15_DET_MIN,15,2026-12-20,20:20:00,DET,MIN,NA,NA,NA,NA,NA,13.668785788492974,0.8481217917118656
2026_15_NE_KC,15,2026-12-21,20:15:00,NE,KC,NA,NA,NA,NA,NA,18.202915968239708,0.9138102222203656
2026_16_HOU_PHI,16,2026-12-24,20:15:00,HOU,PHI,NA,NA,NA,NA,NA,5.618036844659603,0.6598557945645713
2026_16_GB_CHI,16,2026-12-25,13:00:00,GB,CHI,NA,NA,NA,NA,NA,8.795225424155058,0.743724547488341
2026_16_BUF_DEN,16,2026-12-25,16:30:00,BUF,DEN,NA,NA,NA,NA,NA,-17.22142707044968,0.09895320599010148
2026_16_LA_SEA,16,2026-12-25,20:15:00,LA,SEA,NA,NA,NA,NA,NA,13.464023317080636,0.8436886821010425
2026_16_ARI_NO,16,2026-12-27,13:00:00,ARI,NO,NA,NA,NA,NA,NA,-6.788175810672217,0.3074454453142085
2026_16_CAR_PIT,16,2026-12-27,13:00:00,CAR,PIT,NA,NA,NA,NA,NA,-3.2534287951680896,0.40453494929543343
2026_16_CIN_IND,16,2026-12-27,13:00:00,CIN,IND,NA,NA,NA,NA,NA,-14.024469873136937,0.14807204955107534
2026_16_CLE_BAL,16,2026-12-27,13:00:00,CLE,BAL,NA,NA,NA,NA,NA,29.82826532284042,0.9869170465802044
2026_16_LAC_MIA,16,2026-12-27,13:00:00,LAC,MIA,NA,NA,NA,NA,NA,0.5817721385870005,0.5153671251665725
2026_16_NE_NYJ,16,2026-12-27,13:00:00,NE,NYJ,NA,NA,NA,NA,NA,11.996266715136546,0.8153198101816063
2026_16_TB_ATL,16,2026-12-27,13:00:00,TB,ATL,NA,NA,NA,NA,NA,-0.2056824468668593,0.4930181250798179
2026_16_WAS_MIN,16,2026-12-27,13:00:00,WAS,MIN,NA,NA,NA,NA,NA,17.221680187041336,0.90145549227527
2026_16_TEN_LV,16,2026-12-27,16:05:00,TEN,LV,NA,NA,NA,NA,NA,20.01188415995285,0.932586710941193
2026_16_SF_KC,16,2026-12-27,16:25:00,SF,KC,NA,NA,NA,NA,NA,7.3570756117700045,0.7063692517794795
2026_16_JAX_DAL,16,2026-12-27,20:20:00,JAX,DAL,NA,NA,NA,NA,NA,-17.941403825461386,0.0895436943159324
2026_16_NYG_DET,16,2026-12-28,20:15:00,NYG,DET,NA,NA,NA,NA,NA,-1.880961061582669,0.4410762888650432
2026_17_BAL_CIN,17,2026-12-31,20:15:00,BAL,CIN,NA,NA,NA,NA,NA,-3.668301420888523,0.39013003415234654
2026_17_BUF_MIA,17,2027-01-03,13:00:00,BUF,MIA,NA,NA,NA,NA,NA,-11.687293984061473,0.1903398061654196
2026_17_DEN_NE,17,2027-01-03,13:00:00,DEN,NE,NA,NA,NA,NA,NA,13.519355917298627,0.8436886821010425
2026_17_IND_CLE,17,2027-01-03,13:00:00,IND,CLE,NA,NA,NA,NA,NA,-5.219206915668885,0.3478830008866317
2026_17_KC_LAC,17,2027-01-03,13:00:00,KC,LAC,NA,NA,NA,NA,NA,-19.120891141998165,0.07805475753638386
2026_17_LA_TB,17,2027-01-03,13:00:00,LA,TB,NA,NA,NA,NA,NA,10.13109975000564,0.7784393169943546
2026_17_MIN_NYJ,17,2027-01-03,13:00:00,MIN,NYJ,NA,NA,NA,NA,NA,-2.869642565703405,0.4190704522895285
2026_17_NO_ATL,17,2027-01-03,13:00:00,NO,ATL,NA,NA,NA,NA,NA,-2.604451563213516,0.42638117273701903
2026_17_NYG_DAL,17,2027-01-03,13:00:00,NYG,DAL,NA,NA,NA,NA,NA,-9.455672376284337,0.23930139206842227
2026_17_PIT_TEN,17,2027-01-03,13:00:00,PIT,TEN,NA,NA,NA,NA,NA,-8.851900888542165,0.25703271519347626
2026_17_SEA_CAR,17,2027-01-03,13:00:00,SEA,CAR,NA,NA,NA,NA,NA,13.213268981504914,0.8391711784136199
2026_17_WAS_JAX,17,2027-01-03,13:00:00,WAS,JAX,NA,NA,NA,NA,NA,20.132620900318997,0.9349888266683056
2026_17_LV_ARI,17,2027-01-03,16:05:00,LV,ARI,NA,NA,NA,NA,NA,2.8867708005966515,0.5891268167524479
2026_17_DET_CHI,17,2027-01-03,16:25:00,DET,CHI,NA,NA,NA,NA,NA,-4.022394562345221,0.38298242294393786
2026_17_PHI_SF,17,2027-01-03,20:20:00,PHI,SF,NA,NA,NA,NA,NA,10.43411267560384,0.7839519968392586
2026_17_HOU_GB,17,2027-01-04,20:15:00,HOU,GB,NA,NA,NA,NA,NA,-7.537628620954748,0.2880346464277299
2026_18_ATL_CAR,18,2027-01-10,13:00:00,ATL,CAR,NA,NA,NA,NA,NA,18.2327541338313,0.9138102222203656
2026_18_CHI_MIN,18,2027-01-10,13:00:00,CHI,MIN,NA,NA,NA,NA,NA,21.246432296024256,0.943938398293932
2026_18_CLE_CIN,18,2027-01-10,13:00:00,CLE,CIN,NA,NA,NA,NA,NA,23.925765950678908,0.9636069063278356
2026_18_DAL_WAS,18,2027-01-10,13:00:00,DAL,WAS,NA,NA,NA,NA,NA,6.11981231859987,0.6734369588924825
2026_18_DET_GB,18,2027-01-10,13:00:00,DET,GB,NA,NA,NA,NA,NA,-11.25766682299498,0.20065309102263928
2026_18_JAX_IND,18,2027-01-10,13:00:00,JAX,IND,NA,NA,NA,NA,NA,-25.06972464458957,0.03098384718842645
2026_18_LAC_DEN,18,2027-01-10,13:00:00,LAC,DEN,NA,NA,NA,NA,NA,-4.909971414120132,0.3548104666783013
2026_18_LV_KC,18,2027-01-10,13:00:00,LV,KC,NA,NA,NA,NA,NA,7.4418340044606115,0.7127667816392341
2026_18_MIA_NE,18,2027-01-10,13:00:00,MIA,NE,NA,NA,NA,NA,NA,8.822715082867756,0.743724547488341
2026_18_NYJ_BUF,18,2027-01-10,13:00:00,NYJ,BUF,NA,NA,NA,NA,NA,-0.5421629893073607,0.4855698637636739
2026_18_PHI_NYG,18,2027-01-10,13:00:00,PHI,NYG,NA,NA,NA,NA,NA,7.168919110486535,0.7063692517794795
2026_18_PIT_BAL,18,2027-01-10,13:00:00,PIT,BAL,NA,NA,NA,NA,NA,11.878157980702111,0.8153198101816062
2026_18_SEA_LA,18,2027-01-10,13:00:00,SEA,LA,NA,NA,NA,NA,NA,-9.993801785866438,0.22786221084465955
2026_18_SF_ARI,18,2027-01-10,13:00:00,SF,ARI,NA,NA,NA,NA,NA,3.192023065775384,0.5963754587658316
2026_18_TB_NO,18,2027-01-10,13:00:00,TB,NO,NA,NA,NA,NA,NA,4.4666811945388645,0.6320778053498614
2026_18_TEN_HOU,18,2027-01-10,13:00:00,TEN,HOU,NA,NA,NA,NA,NA,7.346555551235904,0.7063692517794795
